sample,AC,MES,NPC,OPC,MES_minus_mean_other
TCGA-FG-6692-01A,0.9735881173983473,0.9512862327985888,0.9077067943302989,0.9357889117669487,0.01225829163339065
TCGA-DU-7302-01A,0.9571537569756082,0.901479509752923,0.9497143153625055,0.9656839841765454,-0.05603784241863008
TCGA-DU-7010-01A,0.952411981794559,0.9110784257777719,0.9434594424371797,0.9693817087941614,-0.044005951897528206
TCGA-EZ-7264-01A,0.9500329019327561,0.8880724871801062,0.9394455141842692,0.9757693060930467,-0.06701008688991772
TCGA-HT-A5R7-01A,0.9622566563311201,0.9111959429947301,0.9429479104816073,0.9628236896403203,-0.044813475822952475
TCGA-HT-8109-01A,0.9605779049572541,0.9036022273582277,0.9435483870967741,0.9700623221266642,-0.05446064403533635
TCGA-HT-8018-01A,0.9638211587325626,0.9389618318711814,0.9394825744591001,0.9536379158552835,-0.013352051144467247
TCGA-HT-7603-01A,0.956592918512142,0.9019701555653591,0.9412658748188055,0.9616484590964277,-0.05119892857709929
TCGA-DU-7013-01A,0.9701838965630545,0.9312114570964303,0.9360143337123498,0.9553056154359241,-0.022623158140679167
TCGA-QH-A65S-01A,0.9640129021630254,0.9155365808690383,0.9345773966779573,0.9709650925200914,-0.040981882917986434
TCGA-QH-A6X5-01A,0.961476176432297,0.9091046852513971,0.9424707344024322,0.9743495416690385,-0.05032746558319223
TCGA-HT-7483-01A,0.9582876116030903,0.9137521482330166,0.9448125431201306,0.9693552146402395,-0.043732974888136766
TCGA-DU-6403-01A,0.9615144808358421,0.9183501350945005,0.9553455740416213,0.9743260907625267,-0.04537858011882956
TCGA-DU-7011-01A,0.9631084311313395,0.9176025975603244,0.9427423762006529,0.9698475046624342,-0.040963506437817876
TCGA-HT-7478-01A,0.9623702410653319,0.9285727611735554,0.931805788935124,0.9572438060069408,-0.021900517495576866
TCGA-HT-7857-01A,0.9656411714327972,0.9417439262346715,0.8925054708978682,0.9549364874265548,0.00404954964893145
TCGA-DU-6399-01A,0.9575381294874825,0.9054776558159408,0.9408592134247138,0.9713308192529433,-0.05109839823910567
TCGA-TQ-A7RS-01A,0.9544514145174133,0.8978462615075421,0.9397096437646189,0.9766323352555916,-0.05908486967166582
TCGA-HT-7471-01A,0.9581248732412079,0.9150441059948597,0.9483890599671305,0.9720642418787363,-0.04448195236749852
TCGA-VM-A8CH-01A,0.9555389938828089,0.912065021681698,0.9231368898376319,0.9641933299893413,-0.03555804955489594
TCGA-S9-A7R4-01A,0.9522457008288808,0.9231409965167348,0.9401940315729505,0.9704688641777202,-0.03116186900978224
TCGA-VV-A86M-01A,0.9311727435606535,0.9058802323054738,0.9300736718198476,0.9678944558834747,-0.037166724782518146
TCGA-TM-A7CA-01A,0.951432673257681,0.8835290063585503,0.9495971247637156,0.9717429107551587,-0.07406189656696816
TCGA-P5-A72U-01A,0.9713071233791479,0.9399894902112275,0.8854728330156169,0.9360688905286623,0.00903987457008526
TCGA-DU-7008-01A,0.9528590141110767,0.8916525097287795,0.9540687974922413,0.9699844507958809,-0.06731824440428669
TCGA-HW-8322-01A,0.9556565640462913,0.8912623708590957,0.9477229766492223,0.9743529429455557,-0.06798179035459417
TCGA-TQ-A7RG-01A,0.9594881114644856,0.9049530809081804,0.9448119421427007,0.9741502984709651,-0.054530369784536736
TCGA-HT-7605-01A,0.9637403430834647,0.9057115013597243,0.9409228168693564,0.9670733161264543,-0.051533990666700835
TCGA-S9-A6U5-01A,0.9649446069613936,0.9209029565685631,0.9368857509854028,0.9771609652321515,-0.038760817824419536
TCGA-DB-A4X9-01A,0.9629558777553711,0.887749017610938,0.9428710855335117,0.9675093955788416,-0.07002976867830335
TCGA-QH-A6CS-01A,0.9696230580995878,0.9295915485641497,0.8996146332395005,0.9525095871244139,-0.010990877590351
TCGA-HT-7472-01A,0.9575923756081101,0.90763841790549,0.9369823080257731,0.976193033541241,-0.049284154486218146
TCGA-VW-A8FI-01A,0.9732112729195395,0.9375790611938212,0.9345335253255898,0.9564491604038428,-0.017152258355836114
TCGA-HT-7482-01A,0.9620441001033555,0.918372906913195,0.9272690103183818,0.976570754249179,-0.03692171464377714
TCGA-E1-5303-01A,0.9610796262198736,0.9256698572819704,0.9268093627475726,0.9671452799769716,-0.026008232366169004
TCGA-QH-A65R-01A,0.9547330515192014,0.9173065639172941,0.9416683293708885,0.9610455380801548,-0.03517574240612076
TCGA-VM-A8C9-01A,0.9653354004426483,0.9425794416386636,0.9058986535701665,0.9651193722747275,-0.002871700457183879
TCGA-HW-7495-01A,0.9621397504058496,0.9080397140518035,0.9456054326757038,0.9742007805750591,-0.05260894050040077
TCGA-HW-7486-01A,0.9626403646047826,0.9033920681640097,0.9366219218937679,0.9739888273436853,-0.05435830311673551
TCGA-P5-A730-01A,0.9524285877498532,0.9188312697858754,0.9162811396455195,0.9652289291814847,-0.02581494907307713
TCGA-HT-7695-01A,0.9609359293533949,0.8930650026594558,0.9499756403815164,0.9714274871118473,-0.06771468295613037
TCGA-HT-7610-01A,0.9527332516763157,0.8880172495154817,0.9524906307618709,0.9720569022820417,-0.07107634539126106
TCGA-HT-7476-01A,0.9631301295795902,0.9283518105150563,0.9463244020074248,0.9685210068208124,-0.030973368954219427
TCGA-DU-8167-01A,0.9551991253311227,0.9148440980933129,0.9389094423169843,0.9709735062041073,-0.04018325985742521
TCGA-FG-7638-01B,0.9615162521377401,0.9104910225991553,0.9464044321684788,0.9743683381971587,-0.0502719849019706
TCGA-P5-A781-01A,0.965472233514272,0.9005014189860998,0.9408668258054901,0.971578038351362,-0.0588042802376082
TCGA-TM-A84R-01A,0.9561715700731457,0.8948217250100782,0.9398785184223623,0.9577314416507434,-0.05643878503867228
TCGA-HT-7687-01A,0.9540145671868094,0.9019107110587269,0.9526222448189736,0.9766350204738945,-0.059179899767832334
TCGA-S9-A7QX-01A,0.9565462004245809,0.8968861869988828,0.9277784388529504,0.9707631641037154,-0.054809747461532776
TCGA-HT-7607-01A,0.9648733120599973,0.9151794565638076,0.937370539445354,0.9605777730517935,-0.03909441828857407
TCGA-FG-5963-02A,0.9387842492292624,0.9177984900729504,0.9253696211518412,0.9561758051806095,-0.022311401780954032
TCGA-DH-5141-01A,0.9600469572133171,0.9214599973222535,0.9308788814127298,0.9726777247536669,-0.03307452380431786
TCGA-E1-A7YO-01A,0.9566298944392632,0.9033552125698975,0.9493777680018782,0.959561507431431,-0.0518345107209599
TCGA-HT-7855-01A,0.9467145892395181,0.9018706546065652,0.9263047420324414,0.9668991349658743,-0.044768834139379265
TCGA-FG-A60L-01A,0.9606520782242345,0.9190930999743199,0.924378308881565,0.9538831657936128,-0.027211417658817516
TCGA-TQ-A7RR-01A,0.9580566781181336,0.9073164115857161,0.9292873930160013,0.9654917225460594,-0.04362885297434871
TCGA-HT-7691-01A,0.9711581126069756,0.9479267950960661,0.902334657086285,0.9721566133883554,-0.0006229992644725124
TCGA-DU-6407-02B,0.9506424511984185,0.9250407514956238,0.9281053705747025,0.9421251318889722,-0.015250233058407336
TCGA-QH-A6CU-01A,0.9662261438846245,0.9294865604201282,0.9133156165187059,0.9606493788732037,-0.017243819338716326
TCGA-DU-6407-02A,0.9627853899476846,0.9261829091007527,0.9335278897599055,0.9720475935252583,-0.029937381976863353
TCGA-F6-A8O3-01A,0.9539957471041428,0.8758444778065306,0.9450094633912595,0.9693448317961352,-0.08027220295731519
TCGA-CS-4944-01A,0.9708532272677757,0.93113125273902,0.9257694714683963,0.969301152245075,-0.02417669758806229
TCGA-DB-A64S-01A,0.9600188377956858,0.9143632377611991,0.9248371551491346,0.9665008275842811,-0.03608903574850142
TCGA-S9-A6TU-01A,0.9502467866369444,0.9089789372565976,0.9263541223445811,0.9687945410585991,-0.03948621275677722
TCGA-HW-7489-01A,0.9623086883243751,0.9087321053744419,0.9486530893845753,0.9714876360018315,-0.05208436586248533
TCGA-E1-5322-01A,0.9539419438089896,0.9072483704888935,0.9393283235854795,0.9799940495562409,-0.050506401828009806
TCGA-DU-A7TG-01A,0.9591865473163448,0.9166181050774022,0.93697920297572,0.9550114945244818,-0.033774309861446694
TCGA-TQ-A7RV-01A,0.9557674918276559,0.8953648648945254,0.9393457519309404,0.9756771135979813,-0.06156525422433379
TCGA-E1-A7YW-01A,0.9583595707426982,0.9109006409763971,0.9341435911366247,0.9649065239705856,-0.04156925430690572
TCGA-RY-A840-01A,0.9551849549159385,0.8808904933418494,0.9246651754413377,0.9677779174091294,-0.06831885591361919
TCGA-DB-A75K-01A,0.9564673774901185,0.9266244446054018,0.9372874042342465,0.9629701235451039,-0.025617190484421126
TCGA-E1-A7YQ-01A,0.961194760843246,0.9553361413089204,0.8954448515064902,0.9265274148257703,0.02761379891708493
TCGA-S9-A7QW-01A,0.9604452787276386,0.8843637901378455,0.9490488330220271,0.9674499627470713,-0.07461756802773356
TCGA-TQ-A7RH-01A,0.9611914396521872,0.9006963055147672,0.9450033534540575,0.969215941317597,-0.05777393929318009
TCGA-HT-A61C-01A,0.9644931463901313,0.9472683328687516,0.9361333272434287,0.9497577754076253,-0.002859750144976747
TCGA-FG-A4MU-01B,0.9727142013244024,0.9681154298916974,0.9018726056057573,0.9333459001549906,0.03213786086331394
TCGA-FG-A87Q-01A,0.9715542199939246,0.940972245085494,0.9032117836449203,0.9541413047797956,-0.001996857720719447
TCGA-DU-8162-01A,0.9617126452356848,0.9193586797393367,0.9309849539290701,0.9612673371119725,-0.03196296568623902
TCGA-HT-7688-01A,0.9538405367753272,0.8987485376651368,0.9518706223802392,0.9652686704123675,-0.058244738857507805
TCGA-TM-A84C-01A,0.9674726975953691,0.9546281115083832,0.9002191163708657,0.9355416926685305,0.020216942630128076
TCGA-FG-A87N-01A,0.9457653928349067,0.9233139343044917,0.9466377115741041,0.9725712110943195,-0.03167750419661841
TCGA-E1-5302-01A,0.967152756190036,0.9301542594092425,0.9489159168471601,0.9640671247291064,-0.029891006512858476
TCGA-TM-A7C5-01A,0.9448525081192048,0.8904854768839519,0.9421422000742006,0.9740086979591267,-0.06318232516689226
TCGA-DB-5279-01A,0.9525975256683789,0.9114717655055051,0.9325076304100991,0.9631520023314856,-0.037947287297816046
TCGA-E1-A7Z4-01A,0.961950663928234,0.9108465922019052,0.9240187240527993,0.9655558097562216,-0.039661807043846364
TCGA-HT-8012-01A,0.9501916548653678,0.8944257331428184,0.9488991896420339,0.9732120831959397,-0.06300857609162869
TCGA-S9-A7QY-01A,0.9570266660644239,0.9013824780274815,0.9416403839204082,0.9747480280651856,-0.056422547989190996
TCGA-DH-A7UU-01A,0.9484068467903566,0.8912880691765782,0.9372188928072616,0.9728991657563777,-0.06155356594142036
TCGA-E1-A7Z2-01A,0.9670174730075731,0.9203056764565367,0.9196537248180439,0.9529478147514439,-0.02623399440248364
TCGA-S9-A6WO-01A,0.9527582713156257,0.8970113862751599,0.934751179318043,0.9717754914039002,-0.05608359440402977
TCGA-E1-5307-01A,0.9539206881862132,0.9008959476039656,0.9431088722698597,0.9764065979035963,-0.056916105182590826
TCGA-HT-A618-01A,0.968179004227212,0.9244199679402058,0.9299665976744576,0.9600111919898864,-0.02829896335697968
TCGA-DU-A6S7-01A,0.9480953190690392,0.8952994759372296,0.9329476460515382,0.9667972756849187,-0.053980604331269166
TCGA-IK-7675-01A,0.9501493650325522,0.900567082302657,0.9261278543423023,0.9724131412435569,-0.04899637123681344
TCGA-P5-A736-01A,0.9667579772795104,0.9300949063556969,0.9165151201914793,0.9558491036204263,-0.016279160674775084
TCGA-QH-A86X-01A,0.9557415865373969,0.8955869129900698,0.9476203096716501,0.9721508849226423,-0.06291734738716015
TCGA-HT-7616-01A,0.9554238592594364,0.9405569566168502,0.9341153451974291,0.9550571432356307,-0.007641825947315217
TCGA-CS-6667-01A,0.9528282377405981,0.9146215927323328,0.9269595069420907,0.9669211537559581,-0.03428137341388271
TCGA-DH-A7UT-01A,0.9655357789698639,0.9165207075396122,0.9321947214950393,0.9683178253025614,-0.03882873438287604
TCGA-FG-A6J3-01A,0.9550095960280328,0.9458132227994743,0.9200282339196468,0.9329424013513452,0.009819812366466008
TCGA-FG-7636-01A,0.9596492999372074,0.8989715917446396,0.9458979083581537,0.9778995792799964,-0.062177337447146264
TCGA-TM-A84J-01A,0.9418282315410416,0.9153221233797256,0.9523653269677806,0.9660045992419092,-0.03807726253718491
TCGA-DH-A7UR-01A,0.95598735467575,0.8952659126542539,0.9465609867889132,0.9474910931308896,-0.05474723221093025
TCGA-HT-7469-01A,0.9541164170459466,0.9044873103354426,0.9150299046369015,0.9130119950491734,-0.022898795241897862
TCGA-DU-A6S2-01A,0.9562258161937734,0.9131735245507642,0.9503852064998513,0.9727214043047271,-0.04660395111535298
TCGA-CS-5396-01A,0.9491224527571641,0.9120984935115863,0.9378709533184774,0.981015685613209,-0.04390453705136388
TCGA-DU-5854-01A,0.9737362425195707,0.938290383305495,0.8982410993239405,0.9624192957639071,-0.006508495896977773
TCGA-HW-8319-01A,0.9576021177685496,0.8970074537924132,0.9469152629837166,0.9684794754443945,-0.060658164939807024
TCGA-DU-6404-02B,0.813336220555427,0.8750099683864968,0.8609558586084408,0.8047552709940212,0.048660851667200467
TCGA-DU-8161-01A,0.9699576127455802,0.9320155126384511,0.9037946315888158,0.95986815936162,-0.012524621926887636
TCGA-R8-A6YH-01A,0.9464356091905771,0.89758562020923,0.9353664800431422,0.9720515318454361,-0.05369892015048838
TCGA-HT-7856-01A,0.960164084551325,0.8988993438058093,0.9457714026092037,0.9679055547857933,-0.059047670176298084
TCGA-DU-A76O-01A,0.9593844903034505,0.898568009271148,0.9441984443498906,0.9680176178962998,-0.058632174912065516
TCGA-WY-A858-01A,0.9633057098802336,0.9194287328040759,0.9241516402276663,0.9681604715100128,-0.03244387440189511
TCGA-TQ-A7RO-01A,0.9560478003530204,0.9085370359396,0.9466409167870625,0.9610279946539093,-0.046035201325064
TCGA-HT-A616-01A,0.9611006604299126,0.9113536995700243,0.9475591101367264,0.9620345934883816,-0.04554442178164919
TCGA-FG-A6IZ-01A,0.9503938046944815,0.9002584281336035,0.9449322377915441,0.961085100296484,-0.05187861946056649
TCGA-DB-A64L-01A,0.9611511425340067,0.9084327794202754,0.9455612608346213,0.9638913324375443,-0.04843513251511533
TCGA-FG-A4MW-01A,0.9730113372177984,0.9417477672643307,0.930718320276097,0.9734098942775847,-0.01729874999282932
TCGA-FG-6688-01A,0.9674082664888278,0.9530741406519213,0.9111986735226173,0.9605929892888433,0.006674164218491763
TCGA-HT-7473-01A,0.9597653202115288,0.9227193977850795,0.9111086270710684,0.9591861139126888,-0.020633955946682603
TCGA-S9-A6UB-01A,0.9533339444324881,0.8819871987626763,0.9487278109116669,0.9712697752901913,-0.0757899781154392
TCGA-DH-5143-01A,0.9621512638681867,0.9118373949478389,0.9430582900028607,0.9744200734031275,-0.04803914747688609
TCGA-DU-5871-01A,0.9576328941390276,0.9114811851734793,0.9315345477885233,0.9661701877039197,-0.040298024703677715
TCGA-DU-A7TD-01A,0.9687436067072117,0.9307757745893572,0.9275724037574713,0.9552728557726285,-0.019753847489746623
TCGA-HT-7690-01A,0.9589126597603606,0.922175983541371,0.9448278680445876,0.9693682827026472,-0.03552695329449418
TCGA-HT-A5R9-01A,0.9466246956681925,0.8905890017785795,0.9529628988587039,0.9612465714237636,-0.06302238687164052
TCGA-HT-A615-01A,0.9617195090305399,0.9041532322081676,0.9395341583551488,0.970349282455965,-0.053047751072383575
TCGA-DU-6397-02A,0.9376205038822508,0.9063720670080427,0.943946534643945,0.9767019719169131,-0.04638426980632693
TCGA-S9-A6UA-01A,0.967502366902161,0.9504491626921154,0.9218682264835529,0.9737398180997319,-0.003920974469699745
TCGA-HT-7877-01A,0.9603819546847836,0.9018995537820973,0.9472751483011971,0.973730330328395,-0.05856292398936125
TCGA-TQ-A7RF-01A,0.9505751417262932,0.9118578804393553,0.9203678863303278,0.9538940856813776,-0.029754490806644163
TCGA-DU-A7TA-01A,0.9376444164578747,0.912468512702102,0.9321760911947189,0.970492315084232,-0.03430242821017304
TCGA-DU-5870-01A,0.9575930398463219,0.9080191371071998,0.9374263301834102,0.9757768247042949,-0.04891292780414247
TCGA-DU-5870-02A,0.9456478226714244,0.8931397198316386,0.9464649305630676,0.9771348291073367,-0.06327614094897094
TCGA-DH-A66D-01A,0.961207824194744,0.9050700494066158,0.943330632941416,0.9645740939446893,-0.05130080095366729
TCGA-HT-7470-01A,0.9587990750261488,0.9056130063848886,0.9429198648682215,0.9717382563767668,-0.052206059038823804
TCGA-E1-A7YE-01A,0.9618001032669006,0.9297066880008428,0.9315802220731797,0.969364523397023,-0.024541594911524856
TCGA-TQ-A7RW-01A,0.9526650565532413,0.9070411377934636,0.930814476664848,0.9683815544836164,-0.04357922477377152
TCGA-DU-A7TC-01A,0.9567388295059928,0.8993677665180735,0.9462031047295321,0.9560836126855441,-0.05364074912228278
TCGA-RY-A83X-01A,0.9537378012652411,0.8950917859763641,0.9329293162399326,0.975206663351317,-0.05886614097579945
TCGA-FG-5964-01A,0.966627122351793,0.9231978803369276,0.9514402223776751,0.976328726572813,-0.04160081009716621
TCGA-HT-7874-01A,0.9601140452727052,0.9022658233960408,0.9433990442054958,0.9678643814384822,-0.054860000242853646
TCGA-DU-6407-01A,0.9566064246891144,0.9030718909059781,0.9322138526098847,0.9688307019984109,-0.04947843552649189
TCGA-DH-A669-01A,0.9451250671987658,0.9173246716285455,0.9398674003399128,0.9749304438952279,-0.035982965516089926
TCGA-DH-A669-02A,0.9540575212578372,0.9153019122474706,0.9370286834507644,0.9674068202396718,-0.03752909606862054
TCGA-S9-A6U6-01A,0.9584284301039844,0.9088350815505469,0.9480095427202803,0.9696393107366841,-0.04985734630310257
TCGA-E1-A7Z6-01A,0.9645011172486722,0.9145663550677083,0.9219160041892135,0.9562363120997007,-0.03298478944482053
TCGA-DB-A75P-01A,0.9732737113114455,0.9300558558874937,0.9222289131042727,0.9664286847192101,-0.02392124715748245
TCGA-DU-6405-01A,0.9728904458632572,0.9342191662258629,0.9256713118215467,0.944982562192341,-0.013628940399852074
TCGA-DU-5847-01A,0.9673234654104592,0.9345603776939335,0.9033944807835462,0.9350792980767751,-0.0007053703963266766
TCGA-CS-4943-01A,0.9478143463054628,0.8913811684192734,0.9436325239369312,0.9625932979099335,-0.05996555429816908
TCGA-CS-5394-01A,0.9444163250268133,0.8848413581588226,0.9361632759520084,0.9588484924647405,-0.06163467298903147
TCGA-HT-8558-01A,0.9454465584932598,0.892854203293628,0.9268260899526989,0.9528006647884457,-0.048836901117840115
TCGA-S9-A6U0-01A,0.9725840106348966,0.9584733480097248,0.9181182274851819,0.9516549716458848,0.01102094475440385
TCGA-HT-8113-01A,0.955980490880895,0.897906071826523,0.938356543081668,0.9578866472686492,-0.052835155250547716
TCGA-DU-5852-01A,0.9726495488051239,0.9313366563727073,0.9252936976698904,0.9633489183403634,-0.022427398565751933
TCGA-HT-7676-01A,0.9629259870358414,0.899886396975171,0.9421567236954184,0.9700632171994318,-0.058495579001726195
TCGA-S9-A7R7-01A,0.9675920390607495,0.9437360488315585,0.9056287145413302,0.9458491716459566,0.004046073748879775
TCGA-HT-A74K-01A,0.9611305511494422,0.9364749480729372,0.9393554677327206,0.9695483713434936,-0.02020318200228166
TCGA-S9-A6WN-01A,0.9598177950302581,0.9422071361209702,0.8931042447436509,0.9479124933898875,0.008595625066371237
TCGA-DU-A7T6-01A,0.9513992399343557,0.9162607064129101,0.9506358140880325,0.9770467539470026,-0.04343322957688678
TCGA-DU-7014-01A,0.9563712843621497,0.919557041485315,0.9381477034248503,0.9789682961645415,-0.03827205316519877
TCGA-S9-A6WG-01A,0.9574725913172552,0.9480380935030995,0.9322864707159726,0.9521753669529824,0.0007266171743627314
TCGA-FG-A60K-01A,0.9580883401395607,0.9013191010381023,0.9322904772321702,0.975042686020288,-0.05382140009257064
TCGA-VM-A8C8-01A,0.9566112957693341,0.9055710294178975,0.9288633032764488,0.9681416749818927,-0.04563439525799451
TCGA-HW-7491-01A,0.9476268097170077,0.8891697413194559,0.9447610593869868,0.9729754259561795,-0.0659513570339354
TCGA-HT-8110-01A,0.9691031809925136,0.9358355995408323,0.9079355664052012,0.9627825162930095,-0.010771488356075776
TCGA-QH-A65V-01A,0.9634804045299272,0.9208810992807396,0.9342824169228834,0.9695746864828616,-0.034898070031151196
TCGA-HT-7479-01A,0.9627324723034804,0.9127127838978183,0.9249299059991168,0.9713329674275858,-0.04028566467890937
TCGA-FG-A4MX-01A,0.9428314526535428,0.9123483433456173,0.9217969104952297,0.9514917103730699,-0.026358347828330242
TCGA-HT-7684-01A,0.9652386430764681,0.9458755938048947,0.9274321756905431,0.9601209279111975,-0.005054988421174911
TCGA-HT-7858-01A,0.955582390779311,0.9132363528216202,0.930212197117392,0.9793999002530911,-0.04182847656164457
TCGA-S9-A6U8-01A,0.9569168453467458,0.9050598981139448,0.9383774771288022,0.974753219487238,-0.05162261587365047
TCGA-CS-5397-01A,0.9700472849041682,0.9377348058011986,0.9216829251093979,0.9634674259747965,-0.01399773952825556
TCGA-TQ-A7RN-01A,0.9568964753749183,0.8945478230141329,0.9386100553940929,0.963004494339381,-0.05828918535533101
TCGA-FG-A70Y-01A,0.9646572132284369,0.9065624723354411,0.9339794241354139,0.9699527652199067,-0.04963399519247813
TCGA-DU-7306-01A,0.9572332441482829,0.9238351254480285,0.9190969192294347,0.9621729717382563,-0.02233258625729606
TCGA-FG-7637-01A,0.9553744842190286,0.9135362274943098,0.9371677095628331,0.9672917138817552,-0.03974174172689593
TCGA-CS-5390-01A,0.9529511218097749,0.8944161305686699,0.9456733431252589,0.9723830667985647,-0.06258638000919636
TCGA-S9-A6TW-01A,0.9618317652883279,0.9182525546505359,0.9380880063335006,0.9727042189075886,-0.03928877552593646
TCGA-QH-A6CX-01A,0.970696245637062,0.9486014445198019,0.8923801671037778,0.9611438170700403,0.007194701249508495
TCGA-DU-8163-01A,0.956340950817146,0.9048405936110141,0.9345218062657107,0.9742004225459523,-0.05018046626525552
TCGA-P5-A5F2-01A,0.9567058390081418,0.9132600391711864,0.9316511374098834,0.9625190068702205,-0.03703195525822889
TCGA-HT-A61B-01A,0.9534118817160018,0.9156010552954629,0.9237269495106842,0.94022883072348,-0.023521498687925857
TCGA-HT-7879-01A,0.95642774461015,0.9010656845336734,0.9362857751847604,0.9695623344786686,-0.05302626689085288
TCGA-DH-A66F-01A,0.9649049740814251,0.9125318896914812,0.9305978243014439,0.9699726358353482,-0.04262658838125777
TCGA-DU-7309-01A,0.9572936898255532,0.908533560722289,0.9465463630047911,0.9631885213004047,-0.047142630654627427
TCGA-P5-A733-01A,0.963661520149002,0.914962895653491,0.929408389805179,0.9648640975214006,-0.03768177350503621
TCGA-VM-A8CA-01A,0.9635508137803744,0.9368807254205195,0.9276677588429821,0.9531986141409323,-0.011258336834243488
TCGA-S9-A6TY-01A,0.957417680958416,0.8857489385954709,0.9422578882294163,0.9712937632403638,-0.0712408388805944
TCGA-QH-A6CY-01A,0.9633291796303823,0.9062423865304965,0.9462840363567305,0.9737426823325884,-0.05487624624273724
TCGA-TQ-A7RQ-01A,0.9454463370805225,0.8819187004004181,0.9513123143480557,0.9695009324868092,-0.07350116090471104
TCGA-DB-A64W-01A,0.9512996042025909,0.8829480963491195,0.9585136265622409,0.9672229722932015,-0.07606397133689158
TCGA-FG-A4MT-01A,0.9499481008543872,0.8894667809464442,0.9343207793154787,0.9734376415333814,-0.06310205962130488
TCGA-TQ-A7RJ-01A,0.9559158383616165,0.9048410508764498,0.9397182577744442,0.9605070623031513,-0.047206001936620834
TCGA-DU-6397-01A,0.9579942397262277,0.9095939592675266,0.9427147312388868,0.975822831444551,-0.04924997486902849
TCGA-CS-5393-01A,0.9579782980091454,0.9000896057347668,0.9427287540455799,0.9789597034659722,-0.05979931277213235
TCGA-TM-A84H-01A,0.9464001831526162,0.8939615172725616,0.9379500820133868,0.9534742965533611,-0.05198000330055974
TCGA-TM-A84B-01A,0.9683641052755572,0.9082974288513275,0.944263950889727,0.9397623187969937,-0.04249936280276512
TCGA-P5-A77W-01A,0.9387877918330583,0.8870007484520649,0.9318015820931164,0.9726863174522361,-0.06075781534073865
TCGA-HT-A61A-01A,0.9564481145819773,0.901500452509875,0.9415536428447226,0.9639548826040459,-0.05248509416704028
TCGA-WY-A85C-01A,0.9502540932572736,0.9110515385701567,0.9370922868954066,0.9631962189262063,-0.03912932778947209
TCGA-S9-A7IS-01A,0.942431802662798,0.9132767750861305,0.9329993301104915,0.9652090585660432,-0.03360328869364715
TCGA-DU-7018-01A,0.9504137318408344,0.8961313332177367,0.9518387705764656,0.9724224500003402,-0.062093650921476784
TCGA-HT-8107-01A,0.9485941619660743,0.909274513634192,0.9256466717469293,0.9506327985452561,-0.03235003045189444
TCGA-HT-7467-01A,0.9602367079291442,0.9036027760767504,0.9444130934551958,0.9766063781453304,-0.056815950433139695
TCGA-DU-8164-01A,0.9554223093702757,0.8837020355993945,0.9533139698405487,0.9689930681984582,-0.07554108020369965
TCGA-DU-6392-01A,0.9523617211032024,0.929504485225205,0.9491984764020203,0.9713048621426825,-0.028117201324096786
TCGA-FG-8185-01A,0.9542169384286605,0.9021532446457876,0.9304163291176769,0.9693834989396966,-0.049185677516223825
TCGA-HT-A74H-01A,0.9656221299373934,0.937374572091005,0.90889352442813,0.9525693779852915,-0.004987105359266497
TCGA-QH-A6CW-01A,0.9485848626311095,0.9215153264399657,0.9328383683222393,0.9645687235080839,-0.027148658380511836
TCGA-HT-7860-01A,0.9726958240672103,0.9316620464567053,0.9024993249020206,0.946308164961195,-0.00883905818677011
TCGA-FG-A4MY-01A,0.9591196806696937,0.918661075590732,0.9189671081046212,0.9649747285154788,-0.029026096839199322
TCGA-P5-A5F0-01A,0.9574708200153572,0.8821075510253354,0.955729999270814,0.9712762198141184,-0.07938479534142773
TCGA-S9-A7J0-01A,0.93987005729276,0.8936094228871226,0.9502169328195377,0.9491503790275142,-0.05280303349281468
TCGA-HT-8108-01A,0.9550051677732875,0.8931627660095947,0.9439636625006913,0.9724079498215045,-0.06396282735556647
TCGA-S9-A7R8-01A,0.9470982975131809,0.8979643274430229,0.9353191029891015,0.9747861581650864,-0.05443685877943327
TCGA-P5-A5EZ-01A,0.9547416866159545,0.9081577799872843,0.9361421415790642,0.9752392440000586,-0.04721657741107488
TCGA-S9-A7QZ-01A,0.9548269305197975,0.8939800822492482,0.9504759540917349,0.97642861669368,-0.06659708485248927
TCGA-DU-7301-01A,0.9546360727402837,0.9191620556020139,0.929187730925577,0.9659713025349533,-0.030769646464924194
TCGA-DB-A64Q-01A,0.9586573708743058,0.8991425175644799,0.9372314131703801,0.9743427391160046,-0.057601323489083534
TCGA-TQ-A7RI-01A,0.9555082175123306,0.9031116729988784,0.9411507876410196,0.9749200610511236,-0.05408134906927964
TCGA-S9-A7R2-01A,0.9615716053220537,0.9342132217751996,0.9140734490575472,0.9586336750005103,-0.010546354684837445
TCGA-E1-A7YL-01A,0.9633030529273862,0.9689904530293285,0.9266401876011147,0.9402637385614174,0.025588126666022504
TCGA-CS-6666-01A,0.9500422012677208,0.9150165786156343,0.9242071304770079,0.9700283093614944,-0.03307596841977334
TCGA-HT-8111-01A,0.9644466497153075,0.9180659903527967,0.9294403417718575,0.9707692505985352,-0.03681942367576996
TCGA-HT-7485-01A,0.9606994605500068,0.9024446141813741,0.9187390371700532,0.9658096523931201,-0.04597143585635266
TCGA-QH-A6X4-01A,0.9545623422987777,0.8806210725471731,0.9405579234066285,0.9715646122598472,-0.07494055344124462
TCGA-S9-A7IY-01A,0.9635570133370177,0.9178969850477859,0.9330978904089613,0.9705556862361796,-0.037839878279600336
TCGA-DU-A6S8-01A,0.947634780575549,0.8927875339931125,0.9482675623634281,0.9753919434142158,-0.06431056145795178
TCGA-DB-A64U-01A,0.9562926828404245,0.894303643271504,0.9412214024890081,0.973639032906097,-0.06274739614033908
TCGA-DB-5276-01A,0.9625548992882024,0.9213673553449937,0.9296948557133321,0.9701582739273538,-0.032768654297968935
TCGA-TM-A84L-01A,0.9601953037472777,0.9086315984316893,0.9312782309147595,0.9684214747290525,-0.04466673803200727
TCGA-HT-8019-01A,0.9535374227380252,0.8975038611493386,0.9279517206785114,0.9503524617544357,-0.04644334057431887
TCGA-P5-A735-01A,0.9539470363019467,0.8864523042885645,0.9452643779843538,0.9724852841086273,-0.0707799285097448
TCGA-E1-5305-01A,0.9635645413700843,0.9160601497928405,0.9388287110155961,0.9663529615630693,-0.04018858819007609
TCGA-S9-A7IX-01A,0.9720960169619871,0.9384920373626101,0.9217408192684583,0.9586188167925673,-0.012326513645060766
TCGA-S9-A6TZ-01A,0.9560712701031695,0.9099273057701044,0.9305726834123017,0.9617308057910492,-0.03953094733206908
TCGA-DB-A75L-01A,0.9563515786285339,0.9058714528091096,0.9428196018003681,0.9728678382095108,-0.051474886737027936
TCGA-FG-7643-01A,0.9662522705876206,0.9236945620531146,0.92748696479955,0.9635556801496848,-0.028737076459170563
TCGA-E1-A7YK-01A,0.9630426715483746,0.937890641861663,0.9112910237209798,0.9569684816236189,-0.005876750435994782
TCGA-DU-8158-01A,0.9648974460483583,0.9452110956738299,0.9177405131706207,0.9731368970834592,-0.006713856426982856
TCGA-DB-5275-01A,0.9596326939819131,0.9173453400262359,0.9506632587239887,0.959535908350277,-0.03926528032582366
TCGA-QH-A65Z-01A,0.9596417719041408,0.9001979776430125,0.9477255808847508,0.971731095794626,-0.05950150521816011
TCGA-DU-6404-01A,0.9607767335953088,0.9283037976443147,0.9083886032242839,0.9195481744274846,-0.0012673727713777838
TCGA-DU-6404-02A,0.9526674920933511,0.9284185712686591,0.8954270225094092,0.8906738430020883,0.015495785400376216
TCGA-S9-A89V-01A,0.9595866401325642,0.9185201463834692,0.9248506771413025,0.9835498156329116,-0.037475564585456866
TCGA-DU-7012-01A,0.965375033322617,0.9382034114196373,0.914083765836757,0.9483462456530791,-0.004398270184513775
TCGA-DB-5277-01A,0.9563039748900245,0.9005390062049092,0.9449413526158946,0.9619225303778747,-0.05385027975635548
TCGA-S9-A7IQ-01A,0.9545295732136642,0.893636218641651,0.9444047799340848,0.9604494196169158,-0.059491705613237356
TCGA-QH-A6X8-01A,0.9535487147876253,0.8961388323708811,0.94554443346659,0.97173789834766,-0.06080484982974399
TCGA-DU-A7TB-01A,0.9510792985290223,0.8985805383440847,0.9280136213537699,0.9789185301186616,-0.054089944989733185
TCGA-P5-A5ET-01A,0.961416173580501,0.8878526339586531,0.9462764239759545,0.9729636109956467,-0.07236610222538087
TCGA-P5-A5EV-01A,0.9573731769982275,0.8880831871913003,0.9359343035512955,0.9733074979529686,-0.06745513897619693
TCGA-S9-A6WL-01A,0.9623044814823674,0.9205229689915507,0.9451735302295652,0.9643535480147464,-0.036754217584008986
TCGA-DU-A5TS-01A,0.9621094168608455,0.9040534568901121,0.9190963182520051,0.967142773773222,-0.045396046071912055
TCGA-FG-8186-01A,0.9646742620092058,0.9154613149783328,0.9359311985012424,0.9693999682786211,-0.04120716128469015
TCGA-DU-7290-01A,0.959772405419121,0.9421752189935625,0.8778581484927086,0.9278331469791831,0.020353985363224858
TCGA-FG-A4MT-02A,0.9610112096840617,0.9122944774772995,0.9515280652453151,0.9725350501545074,-0.04939696421732853
TCGA-HT-A617-01A,0.9720672333061438,0.9456508021167368,0.9125097057854896,0.9580445381048588,-0.0018896902820939587
TCGA-HT-7468-01A,0.9536888690503075,0.9004002718717375,0.9349778479719416,0.974110736254636,-0.05385887922055743
TCGA-FG-6691-01A,0.9562395437834832,0.9087237831435134,0.9260307964874073,0.9686690518565777,-0.04158934756564259
TCGA-HT-8013-01A,0.9559415222391382,0.9114471646250679,0.9285613121180286,0.9727548800262364,-0.04097207350273313
TCGA-HT-7601-01A,0.9627428787021318,0.9228437739835722,0.9271369956096593,0.9681631567283158,-0.02983723636313007
TCGA-DU-7015-01A,0.9567348440767222,0.907896224158101,0.931345941038505,0.9705669641530514,-0.04498635893132519
TCGA-HT-8564-01A,0.9607368793026031,0.9113962252555383,0.9354201673601946,0.9565662359218482,-0.039511535606010395
TCGA-S9-A6WM-01A,0.9741478487981273,0.9269468167375247,0.9081674435301574,0.9425540507592187,-0.014676297624976575
TCGA-RY-A847-01A,0.9615423788407359,0.9067073340254502,0.9509518280531457,0.9724879693269302,-0.05495339138148714
TCGA-DB-A4XB-01A,0.9522751487229356,0.8866609087803011,0.9520235711360957,0.9680151116925502,-0.07077703507022604
TCGA-HT-7681-01A,0.9662671052410167,0.9091840665310233,0.9452507558292809,0.9714740308957636,-0.05181323079099698
TCGA-CS-4941-01A,0.9710573698115244,0.9346748769590165,0.9071596043805646,0.9511795089917219,-0.00845728410225377
TCGA-E1-A7YU-01A,0.9616254086172065,0.9090709390622476,0.9396862056448608,0.9657178179271618,-0.04660553833416203
TCGA-FG-8187-01A,0.9628513709433865,0.9125951752277729,0.9326350376251936,0.9668404181923181,-0.04151376702585985
TCGA-HT-A619-01A,0.9242073202593538,0.8786084644587697,0.9298809583907269,0.9659362156824626,-0.061399700318744754
TCGA-DB-A64O-01A,0.972137642556591,0.9324825635544084,0.9145975013762385,0.956632113277545,-0.015306522182383153
TCGA-DH-A7UV-01A,0.9535943258114997,0.9001983434553612,0.926114632838849,0.9672397996612327,-0.04878457598183272
TCGA-E1-5318-01A,0.9392594009634111,0.8959899467450384,0.9281188925668706,0.9666596134932578,-0.048689355596141515
TCGA-TQ-A7RM-01A,0.9392266318782972,0.8774059478161369,0.9377510583212537,0.9808515292676263,-0.0752037920062556
TCGA-DB-A4XD-01A,0.9568761054030909,0.8993181074917638,0.9333064295770642,0.9744539071537438,-0.055560706552869155
TCGA-DB-A4XF-01A,0.9568975824386042,0.91931496516369,0.9452980327204166,0.9611701322094082,-0.03514028395911972
TCGA-HT-7875-01A,0.9593627918551997,0.8932382148064747,0.9434984058072049,0.970628366144911,-0.06459163979596383
TCGA-RY-A845-01A,0.9599497570216622,0.8942677022082629,0.9482210867755317,0.9698820544712645,-0.06508326388122332
TCGA-HT-7475-01A,0.9610424288800147,0.8968053424698624,0.9537301467106103,0.9676936015544191,-0.06401671657848573
TCGA-DU-5874-01A,0.9414814991945003,0.8870813186218242,0.9450024519879131,0.9568664433281097,-0.060702146215016795
TCGA-DU-7006-01A,0.9732075089030063,0.9491694596439476,0.9105425063322989,0.9667750778802816,-0.0010055713945813505
TCGA-S9-A6TS-01A,0.9587911041676079,0.9117452102360147,0.937863941915131,0.9715690876236857,-0.0443295009994602
TCGA-DU-7294-01A,0.9553352941645346,0.8968588425258318,0.9513922443462045,0.975247836698628,-0.06379961587729066
TCGA-QH-A6XA-01A,0.9632953034815823,0.9050609955509902,0.9425240210678648,0.9724169005491808,-0.05435107948188578
TCGA-DU-6394-01A,0.9638519351030409,0.9175255026078761,0.9359366072981095,0.9625829150658289,-0.03659831654778367
TCGA-R8-A6MO-01A,0.9551428864958602,0.9177727917554673,0.9407983143785053,0.9739829198634191,-0.03886858182379416
TCGA-P5-A5EX-01A,0.9698756900327957,0.9531650450205259,0.8793014959530181,0.9426410518322319,0.022558965747843995
TCGA-HT-7880-01A,0.9616504282565164,0.9079146062286136,0.9388110823443244,0.9682360156516006,-0.04831790252220014
TCGA-FG-5962-01B,0.9585267373593255,0.9060558222327577,0.9516792110688825,0.9683869249202222,-0.053475135550052344
TCGA-DU-7300-01A,0.9640802116351509,0.9182513657604031,0.9499608162715841,0.9736533540703793,-0.04431342823196838
TCGA-R8-A6ML-01A,0.9607661057839205,0.909255034126634,0.93994162105248,0.9783451465037203,-0.05042925698673961
TCGA-WY-A859-01A,0.9569852618825573,0.8926124013312642,0.9491475936463063,0.9638387021588081,-0.06404478456462637
TCGA-TM-A84Q-01A,0.9522567714657435,0.9172118185190306,0.9372856013019573,0.9742720283673622,-0.037392981859323826
TCGA-QH-A870-01A,0.9633196588826806,0.9016631475518742,0.9161068561909089,0.9648472701533689,-0.046428114190445346
TCGA-DU-A5TU-01A,0.965683461265613,0.9322238427709262,0.9420270127335095,0.9576850768813802,-0.022908007522574603
TCGA-S9-A6U9-01A,0.9567882045464006,0.9305283025355918,0.9185093636290063,0.9629300242851144,-0.015547561617915262
TCGA-S9-A7J2-01A,0.954595332796629,0.8850163993675836,0.9339368549008107,0.967091217581807,-0.06685806905883196
TCGA-HT-A74J-01A,0.9618667485008144,0.9052395119770622,0.9432481988706433,0.971240953947074,-0.053545788462448285
TCGA-P5-A5EU-01A,0.9554690274578362,0.9457596312904176,0.9374530736790317,0.9536708545331316,-0.0031046872662487957
TCGA-DB-5280-01A,0.9540034965499469,0.8953842529489962,0.9361284192610863,0.9691692185191272,-0.057716125161057286
TCGA-RY-A843-01A,0.9593616847915134,0.9068196384164423,0.945464503468441,0.9677281513632495,-0.0506984747912923
TCGA-HT-A5R5-01A,0.9675010384257376,0.9399956175680649,0.9335926951594072,0.9601561937782418,-0.0137543582197307
TCGA-DH-5142-01A,0.9593858187798743,0.915553042424721,0.9304683136653457,0.9589890188892579,-0.0340613413534383
TCGA-HT-A4DS-01A,0.9689291505810312,0.9336072536198963,0.9122003025721034,0.9571466011043767,-0.012484764465940823
TCGA-E1-5304-01A,0.9413721213022965,0.8784601275514496,0.9349659285862528,0.9578302576842893,-0.06626264163949658
TCGA-TM-A84M-01A,0.9417412163353002,0.8796784655781554,0.9462070110828252,0.9736089584611048,-0.07417392971492132
TCGA-HT-A5RA-01A,0.9736800036843078,0.9597339373626831,0.8838358706600415,0.9311390087391324,0.030182309668189244
TCGA-HT-7680-01A,0.9669432997405929,0.9447448678356566,0.8725448068738999,0.9479260984959552,0.01560679946550736
TCGA-DU-A5TT-01A,0.9689971242913689,0.94213964374267,0.9122528880972014,0.9547531765237451,-0.003194752561435088
TCGA-QH-A65X-01A,0.9523938259501042,0.916745956493206,0.9347497770373734,0.9643592764804594,-0.0337550033294397
TCGA-HT-8011-01A,0.9604784906382268,0.925385803993354,0.9389930783426162,0.9493138193148826,-0.024209325438554585
TCGA-E1-A7YI-01A,0.9509307305823244,0.9205888152142817,0.9384261563006076,0.9482676582640814,-0.025286033168056
TCGA-HT-7854-01A,0.9674680479278868,0.9445418419822346,0.9078112642401605,0.9503862955050518,0.0026533060912015127
TCGA-FG-A710-01A,0.9615470285082183,0.9167864702108031,0.9505972513696274,0.9732144103851355,-0.04499975987685734
TCGA-P5-A72W-01A,0.9623071384352141,0.9040539141555479,0.9278323264958126,0.9685512602803582,-0.04884299424824701
TCGA-HT-8104-01A,0.9734410993408101,0.9436933402398706,0.9250893653437954,0.9705461984648427,-0.012665547476612082
TCGA-P5-A5EW-01A,0.95989750361567,0.8989188233133673,0.9308726713126231,0.9655178586708744,-0.05317718788635517
TCGA-DU-6395-01A,0.9580500357360157,0.9131691348025821,0.9337541577621844,0.9717993003395192,-0.041365363143324396
TCGA-TQ-A7RV-02A,0.9607249230147913,0.9201506634738564,0.9273906080849893,0.9652301822833593,-0.030964574320523575
TCGA-CS-6668-01A,0.9385282961049957,0.88068929655017,0.9461207708216641,0.9740937298720512,-0.07222496904940023
TCGA-P5-A780-01A,0.9574068317342905,0.9216341240001434,0.9322666384607926,0.9760170622351257,-0.03359605347659278
TCGA-HT-7604-01A,0.9522228953169434,0.9019449145133125,0.9325201507732176,0.9645730198573683,-0.04782710746919727
TCGA-FG-5963-01A,0.9623715695417554,0.9322945360072753,0.9249038636438304,0.9712685221883169,-0.020553449117358902
TCGA-HW-7490-01A,0.9562470718165497,0.9276044558870548,0.9213808337880729,0.9617032375498067,-0.01883925849775503
TCGA-QH-A6CV-01A,0.9726612836801989,0.9385739793286758,0.8984605562486829,0.9482417011538204,-0.0012138676988916464
TCGA-DH-5140-01A,0.965381011466523,0.9129748884455242,0.9569203352332233,0.9602585901028583,-0.047878423822010574
TCGA-VW-A7QS-01A,0.94228567025621,0.9296522734140023,0.9285596093486448,0.9476110328817513,-0.009833164081533119
TCGA-DU-5853-01A,0.9627211802538806,0.9035261383897379,0.9435246484883012,0.9684098387830733,-0.05469241745201381
TCGA-FG-7634-01A,0.9586243803764551,0.9225415215306174,0.9353713880254847,0.9747328118281361,-0.0337013385460746
TCGA-HT-7480-01A,0.9535617781391234,0.8936964862260678,0.9497564839454891,0.9747755963064287,-0.06566813323761256
TCGA-P5-A5F6-01A,0.8647624285611805,0.9289731427889971,0.8017508676110824,0.8113956368424841,0.10300349845074808
TCGA-CS-4938-01B,0.9650876395896603,0.9068335392856856,0.9222960222505885,0.962091699130956,-0.04299158103804945
TCGA-TQ-A7RK-01A,0.9479212886575569,0.8952396656182486,0.9286060849365408,0.9646485639989558,-0.05181898024610254
TCGA-P5-A731-01A,0.9682314790459412,0.9454844489512525,0.9396261079018916,0.9610621864336325,-0.010822142175902716
TCGA-E1-A7Z3-01A,0.9669331147546792,0.92772270472871,0.9450800782392483,0.9702135894243932,-0.03301955607739682
TCGA-DU-A6S6-01A,0.9571796622658671,0.8874235360738532,0.9469051465303169,0.9614780372414715,-0.0677640792720321
TCGA-DU-A6S3-01A,0.9530755557681118,0.8844915501005619,0.9552896831406599,0.9734363884315067,-0.07610899234619761
TCGA-E1-A7YV-01A,0.9522576571166924,0.9119089112619719,0.9460459491316675,0.9591970338004537,-0.04059130208763251
TCGA-S9-A6WE-01A,0.9565721057148401,0.9118787317432202,0.95058292807422,0.9762218548843583,-0.0492468978145858
TCGA-DU-8168-01A,0.939812932806548,0.8835710747786286,0.9564980484259598,0.9663805298043119,-0.0706594289003113
TCGA-DU-6542-01A,0.9527556143627783,0.9103694814463634,0.9411080180806063,0.9780929149978037,-0.04694936770069935
TCGA-WH-A86K-01A,0.9625723908944456,0.9100439999092783,0.9294388393282835,0.9636113536758314,-0.04183019472357519
TCGA-TM-A7CF-01A,0.9592629347106977,0.8905434581411905,0.9473493690137642,0.9695977793602665,-0.06819323622038564
TCGA-FG-6690-01A,0.9582946968106822,0.9063636533240272,0.9404055756282018,0.9649412527939697,-0.04818352175359075
TCGA-TM-A7CF-02A,0.9528348801227159,0.8938725334187871,0.9263005351904338,0.9707121449559608,-0.05607665333758305
TCGA-HT-7689-01A,0.9583589065044864,0.9138371996040447,0.9305946190884855,0.9769099868281091,-0.041450637869648976
TCGA-WY-A85B-01A,0.9442132895467502,0.8983671782918172,0.9311856803905872,0.9657414478482272,-0.048679627636704303
TCGA-DU-5855-01A,0.9575015963858355,0.9231953196504882,0.9331200264109547,0.9699053263632226,-0.030313663402849467
TCGA-DU-6401-01A,0.9527142101809117,0.9218349549794742,0.9280110171182411,0.9661188105270581,-0.02711305762926275
TCGA-E1-A7YH-01A,0.9593933468129409,0.9136891370559863,0.926036405610084,0.9599723458317714,-0.034778229028945784
TCGA-R8-A6MK-01A,0.9593207234351212,0.9055916978155882,0.9378959940447145,0.9720458033797231,-0.0508291424709314
TCGA-P5-A5EY-01A,0.9715356213239948,0.9210452575721326,0.9286160010641308,0.9713630418725779,-0.03612629718143523
TCGA-DB-A64X-01A,0.9564025035581027,0.9100041263632914,0.9362549250100363,0.9604066351386236,-0.041017228205629364
TCGA-CS-6670-01A,0.9641661197772057,0.9070844865567619,0.9507303678703041,0.9725506244206643,-0.05539788413262947
TCGA-DB-A64R-01A,0.9541339086521898,0.885046213073987,0.9496369895998856,0.9720246796624074,-0.0735523128975073
TCGA-HT-7481-01A,0.9649964175419111,0.8995043974302415,0.94423850951187,0.9725733592689618,-0.06109836467733942
TCGA-HW-8320-01A,0.9520918189764886,0.903117891808803,0.930469114968585,0.9714876360018317,-0.048231631506832184
TCGA-FG-A6J1-01A,0.9615410503643126,0.9052316470115691,0.945873869260966,0.9626822681430356,-0.051467415577868936
TCGA-TQ-A7RP-01A,0.9662254796464126,0.9390545653015281,0.8981683810549479,0.9564085241001923,-0.0012128962989895742
TCGA-VM-A8CF-01A,0.9590897899501644,0.9276990183791437,0.8916481765944132,0.9407322196479928,-0.002791043685046346
TCGA-DU-7009-01A,0.9587306584903373,0.8936478331837158,0.9460726926272889,0.972825590774879,-0.06556181411378603
TCGA-P5-A5F1-01A,0.9664347146831185,0.9243620781360545,0.9019653564557396,0.9576455146650511,-0.017653117131915197
TCGA-S9-A7J3-01A,0.9599218590167681,0.9056635799420698,0.9462183294910844,0.976670286340939,-0.055273245007527394
TCGA-CS-4942-01A,0.9602006176529719,0.9009966374528926,0.942279924068505,0.9759667591455848,-0.05848579616946137
TCGA-DB-5274-01A,0.9527266092941984,0.9124768349330309,0.9453824700492881,0.966664446886203,-0.04244767381019898
TCGA-S9-A6WH-01A,0.9372106689055922,0.8886286134029256,0.9453584309521006,0.9664034436671631,-0.061028901105359745
TCGA-HT-7620-01A,0.9627282654614728,0.9025020467200898,0.9328935580828661,0.9698102696353007,-0.05264198433979006
TCGA-TQ-A8XE-01A,0.9509189957072498,0.8974037200189345,0.9264927478050301,0.9783603627407701,-0.0545203153987488
TCGA-RY-A83Z-01A,0.9524890334271238,0.905172293958024,0.9460844116871682,0.9483716657196795,-0.043809409653299713
TCGA-DU-7292-01A,0.9702943815189443,0.9301045089298452,0.9358598825129189,0.9610514455604212,-0.025630727600916225
TCGA-DU-6396-01A,0.9430183250037864,0.9222303981282114,0.9250280656459666,0.9738796284660352,-0.025078274910384613
TCGA-RY-A83Y-01A,0.9581315156233254,0.9100215024498455,0.9426004453643405,0.9720859026397127,-0.04758445209261397
TCGA-DB-A64V-01A,0.9635083025348217,0.9251342165506675,0.9291685998107323,0.9705001917245867,-0.029258148139379436
TCGA-DU-6400-01A,0.9491470295709994,0.901767495524286,0.9551663826046682,0.9721664591887994,-0.05705912826386961
TCGA-DB-5281-01A,0.9582081244304156,0.9218284618102883,0.9424301684259278,0.967511901782591,-0.0342216030693564
TCGA-S9-A89Z-01A,0.9480656497622468,0.9295013758202428,0.9282847623374657,0.9576866880123619,-0.015177657550448642
TCGA-HT-7694-01A,0.9607120810760307,0.8976976502409606,0.9428627720124011,0.9655112351323939,-0.05866437916598122
TCGA-VM-A8CE-01A,0.9635570133370177,0.9082188706494851,0.937360122503239,0.9758051090037517,-0.050688544298517546
TCGA-HT-8015-01B,0.966515973157691,0.9277143824977813,0.9278297222602839,0.9616176685932212,-0.024273405505950807
TCGA-FG-8181-01A,0.9527286020088335,0.9188066689054383,0.9290940786094505,0.9455170996491673,-0.023639924517045552
TCGA-TQ-A7RU-01A,0.9442473871082877,0.8911430245803951,0.9423455307712465,0.9704359254998715,-0.06119992321274015
TCGA-HW-A5KJ-01A,0.954215831364974,0.9098688672474303,0.9480386901256204,0.9580744335352979,-0.04357411776120035
TCGA-E1-A7YN-01A,0.9631985461154021,0.9555648654798251,0.8924811313119657,0.9427260837451565,0.022762945088983688
TCGA-P5-A5F4-01A,0.960874155199701,0.8943672946201441,0.9484866186365503,0.9620301181245435,-0.06276300270012092
TCGA-VM-A8CD-01A,0.9731034449164964,0.9497526559805565,0.9100221600410908,0.958951962876678,0.0023934667024679834
TCGA-HT-7608-01A,0.9638514922775668,0.9184334488568728,0.9241801866555767,0.961010093198557,-0.031247141853694038
TCGA-HT-A74L-01A,0.954319895351484,0.8982267978030775,0.9307389538345164,0.9679886175386287,-0.05278902443846567
TCGA-DU-A5TW-01A,0.9508377372326771,0.9001624938452073,0.9284152746026135,0.9631589838990732,-0.047308171399580545
TCGA-DB-5270-01A,0.9624966677383043,0.9162111388396872,0.9493775676760685,0.9692401082823231,-0.04416030905921153
TCGA-S9-A6U1-01A,0.953303389474747,0.8929077948026843,0.936269248305444,0.9696045819133003,-0.06015127842847956
TCGA-HT-7602-01A,0.9669953317338474,0.9080011208490361,0.923007880016058,0.9661404712880349,-0.04404677349694408
TCGA-IK-8125-01A,0.9628473855141159,0.901739419426538,0.9519557608494454,0.9739711049028862,-0.061185330995611076
TCGA-FG-A70Z-01A,0.9716009380814851,0.9421117505510961,0.9428888143676877,0.9722946336091235,-0.020149711468336107
TCGA-HT-7873-01B,0.9607483927649404,0.9012778556958078,0.9287723553587555,0.9628249427421952,-0.04950404125948937
TCGA-E1-A7YS-01A,0.9353080692543616,0.8880845589876071,0.9383274958392329,0.9665930200793464,-0.05865830273670658
TCGA-QH-A6XC-01A,0.9735405136598375,0.936812684323697,0.9313936185812605,0.9581542740261698,-0.01755011776539217
TCGA-QH-A6X9-01A,0.956004624869256,0.89416051919015,0.9540782128053064,0.9704479194749575,-0.06601639985968988
TCGA-TM-A7C4-01A,0.9608230088573948,0.9000795458951829,0.9497521769405762,0.9626249834859073,-0.05765384386610983
TCGA-HT-7882-01A,0.9539972969933034,0.9681594188266055,0.8842250035457668,0.9173976725959867,0.04961942778158657
TCGA-DU-A7TI-01A,0.9594469286953565,0.9213940596464352,0.944285285588481,0.970775695122462,-0.036775243488997966
TCGA-P5-A77X-01A,0.960941021846352,0.8953808691847726,0.9502290525310363,0.9730108708377774,-0.06601277922028259
TCGA-FN-7833-01A,0.9586843832282509,0.917623997582712,0.9184337406357702,0.9636072363411,-0.02928445581899508
TCGA-DB-A4XH-01A,0.9645699766099585,0.9021547993482686,0.9428005708484279,0.9686080078938257,-0.05650471910246879
TCGA-FG-A60J-01A,0.958754128240486,0.9090163415692324,0.9429323852313404,0.9696484404789141,-0.04809530974768117
TCGA-CS-6669-01A,0.9484327520806155,0.8848626667281232,0.9282211588928232,0.9522450036143039,-0.058103638134457625
TCGA-S9-A7IZ-01A,0.962916909113614,0.9188316355982238,0.9353804026869299,0.9621715396218281,-0.03465798154256694
TCGA-FG-6689-01A,0.963400917357253,0.9130231756755276,0.9409559707908944,0.9650996806738393,-0.04346234726513465
TCGA-FG-8191-01A,0.9608737123742264,0.9319952100531088,0.9322396946393616,0.9720336303900835,-0.02305380241478172
TCGA-HW-A5KL-01A,0.9558394509672636,0.8912437144293218,0.9319085560756012,0.9741542367911424,-0.06272370018201379
TCGA-HW-A5KM-01A,0.9508618712210383,0.9196329475476306,0.9190802921872134,0.969751731876298,-0.026931684213886142
TCGA-TQ-A8XE-02A,0.9632087311013158,0.9140178194511204,0.9282506067868782,0.9802717011287583,-0.04322586022119712
TCGA-FG-8188-01A,0.9551710059134914,0.9063123481421487,0.9279694495126876,0.968256602325256,-0.044153337774996415
TCGA-VV-A829-01A,0.9399329385101404,0.9092824700527722,0.9310158041037946,0.9631926386351358,-0.03543132369691804
TCGA-DU-6408-01A,0.9609992533962499,0.9081049201029248,0.9376367724467072,0.9668508010364228,-0.04705735552353518
TCGA-HT-8010-01A,0.9642425071715583,0.9150273700799153,0.9336195388179334,0.9617956090594254,-0.03819184826972377
TCGA-DB-A4XE-01A,0.9596512926518426,0.8981330583887721,0.95295107963592,0.9721569714174622,-0.06345338951296942
TCGA-S9-A6WQ-01A,0.9619083740954181,0.9125863042783217,0.935805393892627,0.966628285946391,-0.04219438036649037
TCGA-DU-7019-01A,0.9621729623164378,0.92890747947244,0.9300647573213074,0.9632953929888592,-0.02293689140309474
TCGA-P5-A737-01A,0.9512214455063401,0.8948500754670874,0.9453223723063191,0.971052093593105,-0.06101522833483408
TCGA-HW-7493-01A,0.9622644057769241,0.9206451503159521,0.9385943298180157,0.9628193932910358,-0.033914225979373214
TCGA-DU-8166-01A,0.9573638776632631,0.9043209571699589,0.9492776050969295,0.9654022152692969,-0.05302694217320447
TCGA-HT-7606-01A,0.9479885981296826,0.9049136646276286,0.9542356688918858,0.9576066685069364,-0.04836331388187309
TCGA-WY-A85D-01A,0.962212373783669,0.9086323300563863,0.9252433157287011,0.961963524710632,-0.041174074684614426
TCGA-E1-A7YM-01A,0.9655526063378952,0.9248842752635495,0.9174540472624676,0.9626770767209832,-0.023676968176899016
TCGA-TM-A84T-01A,0.9520586070659004,0.8856797086085157,0.9320385675262246,0.9695843532687518,-0.06554746734510986
TCGA-HT-A5RC-01A,0.9751063445377035,0.9435050383334758,0.8988054171304208,0.9573789619948524,-0.0002585362208498143
TCGA-FG-8189-01B,0.9436165822198486,0.888993419767475,0.9324226922667026,0.9459712595714606,-0.05167675825186224
TCGA-QH-A6CZ-01A,0.958278976506337,0.8846103476607398,0.9508371415269795,0.9720637048350756,-0.07578292662872421
TCGA-KT-A74X-01A,0.9540856406754683,0.9060632299328149,0.949395897487674,0.9785647973608959,-0.05461888190853126
TCGA-DB-A4XA-01A,0.963092489414257,0.9081357397932869,0.942704314296772,0.97535864670726,-0.05224941034614283
TCGA-DU-5872-01A,0.9565214021980083,0.9188216672117271,0.9279615366431964,0.9736975706651002,-0.03390516929037446
TCGA-P5-A72Z-01A,0.9207570455747124,0.8775375488085125,0.9272214329385313,0.9739077337509385,-0.06309118861288154
TCGA-DU-6406-01A,0.9727494059496261,0.9307550147385796,0.9253625095855901,0.949816671195735,-0.01855451417173759
TCGA-DB-5278-01A,0.9617870399154027,0.9012733744945386,0.950110760140292,0.9779137214297244,-0.06199713266726781
TCGA-HT-A614-01A,0.9640912822720135,0.90382784212417,0.944440938742771,0.9669363699930075,-0.05466168821176054
TCGA-E1-5311-01A,0.9539764841960017,0.9021035856194778,0.9514912052962939,0.9700789704801421,-0.05641196770466805
TCGA-DU-A5TY-01A,0.968841028311604,0.9374291695840201,0.9169932978997043,0.9403115354472087,-0.004619450968818883
TCGA-HT-7609-01A,0.9589157595386822,0.9091840665310235,0.9325631206594404,0.9725275315432593,-0.04548473738277059
TCGA-HT-7902-01A,0.9611230231163754,0.9071711840833585,0.9252162717443652,0.969996802800074,-0.044940848470246375
TCGA-DB-A75M-01A,0.9606190877263834,0.9075947947829305,0.920850170717655,0.9614162772205055,-0.04003371710525072
TCGA-S9-A6WP-01A,0.9594692913818189,0.9087450002597267,0.9420388319562938,0.9753999990691244,-0.05022437387601908
TCGA-CS-5395-01A,0.9715628550906775,0.911549500629563,0.9237397703625176,0.9533883695676691,-0.0380141643773918
TCGA-TM-A7C3-01A,0.9721252434433048,0.9289613453407578,0.9198427322196823,0.9327580163612144,-0.012613985333975952
TCGA-DU-7299-01A,0.9593081029090976,0.9027374469663547,0.9466817832522817,0.9688000905097583,-0.055525878590691136
TCGA-HT-A4DV-01A,0.9614870256564223,0.9087342087954456,0.9409306295759423,0.9729732777815373,-0.04972943554252174
TCGA-DU-5872-02A,0.965222922772123,0.9503652087581329,0.8911459597890008,0.9556416257528907,0.013028372653461462
TCGA-TM-A84F-01A,0.9675798613602004,0.9244549944725754,0.9314620298453403,0.9639912225584114,-0.029889376782075372
TCGA-KT-A7W1-01A,0.9725649691394925,0.9385146262751303,0.9210812465393717,0.9430005130557103,-0.007034283303061217
TCGA-VM-A8CB-01A,0.9394336527876307,0.882266405037675,0.9387285481106472,0.9611713853112831,-0.06417812369884535
TCGA-E1-A7YJ-01A,0.969240899715086,0.9479097848218604,0.8744387872435728,0.9446247120998444,0.01847498513569268
TCGA-HT-8105-01A,0.9527797483511392,0.922455464175631,0.9486891480303568,0.9605752668480441,-0.03155925690088246
TCGA-DU-A7T8-01A,0.9533492219113588,0.9197034578778055,0.9518949619661419,0.9675953225645338,-0.03790971093620599
TCGA-CS-6290-01A,0.9620580491058025,0.9202245575682552,0.9223993903684954,0.9697334723918387,-0.03117241305379026
TCGA-S9-A6TV-01A,0.9541020252180248,0.9540910989807735,0.9104101911348618,0.9317872204374471,0.021991286717328862
TCGA-DH-5144-01A,0.9556127243243149,0.8904760572159778,0.9443004101871283,0.9701435947339647,-0.06620951919915818
TCGA-DB-A75O-01A,0.9648927963808759,0.9257897522791939,0.9302921271155407,0.9616916016038272,-0.026502422754220767
TCGA-HT-A5RB-01A,0.9541082247746682,0.8883832447701636,0.9478390654560579,0.9750496675878755,-0.0706157411693702
TCGA-HT-8114-01A,0.9576687630024627,0.9239166101486589,0.938335108220009,0.9670489701471751,-0.030434336974556775
TCGA-WY-A85A-01A,0.9628832543775513,0.895370992251363,0.9413222665342915,0.9753675974349364,-0.0644867138642301
TCGA-HT-7611-01A,0.956698975213287,0.9106783185215912,0.9239605294050244,0.9622386700794002,-0.03695440637764591
TCGA-S9-A6WI-01A,0.9516239738626693,0.901976374375284,0.9377765998620158,0.9561614840163276,-0.046544311538386895
TCGA-DU-8165-01A,0.945305297166891,0.9294820792188591,0.8875365895091777,0.9072894368166344,0.016104971387957967
TCGA-FG-7641-01B,0.9578328298407689,0.8930222026146801,0.9482233905223454,0.972174335829154,-0.06638798278274272
TCGA-DU-6402-01A,0.97338463909281,0.9607899461597387,0.876883162775939,0.9290291432112848,0.034357631133060784
TCGA-HT-7881-01A,0.9606607133209876,0.9015885218327783,0.9342584779886008,0.9655106980887332,-0.05188810796666221
TCGA-DH-A66G-01A,0.9620443215160928,0.9341166473151933,0.9445261773748825,0.9546402183404705,-0.019620258428621917
TCGA-HT-8106-01A,0.9608648558647365,0.9400702432871606,0.9060781454958344,0.9480197231074493,0.0017493351311538285
TCGA-TM-A84I-01A,0.9459666570130711,0.902137514714802,0.9379731194815248,0.9644484257281148,-0.04732521935943501
TCGA-QH-A6X3-01A,0.9533963828243939,0.9050373092014246,0.9296127221312742,0.9669365490075612,-0.04494457545298525
TCGA-HT-7693-01A,0.9537322659468095,0.9363085034543659,0.9304645074749571,0.9483338936488858,-0.0078683855691849
TCGA-HT-8563-01A,0.9519992684523162,0.9447791627433293,0.8826114793099497,0.9229558954683896,0.02559028166644406
TCGA-FG-5965-01B,0.9643924035946799,0.9219241217394231,0.9399467293606323,0.9657797569626818,-0.034782174899908314
TCGA-FG-A713-01A,0.957851428510698,0.9065376885488299,0.9423652628635212,0.9650560011227791,-0.04855320895016957
TCGA-HW-8321-01A,0.9553375082919069,0.9170444593695883,0.9405550186823849,0.9752992138754897,-0.04001945424700537
TCGA-HT-7686-01A,0.9667953960321065,0.931951495477462,0.9317716333845364,0.9610620074190789,-0.021258183467778524
TCGA-DB-A64P-01A,0.9612359436123755,0.9175954642195286,0.9339708101255881,0.967224762438737,-0.036548374506038206
TCGA-DU-A76K-01A,0.9688819896679961,0.9256849470413462,0.9317973752511086,0.9486430517828239,-0.02408919185929681
TCGA-TQ-A7RK-02B,0.9407056689631595,0.893921552273487,0.9255177620882603,0.96216402101058,-0.048874265080512846
TCGA-P5-A72X-01A,0.9624579205092847,0.9177942832309426,0.9338337872716184,0.9678330538916154,-0.03691397065989688
TCGA-DU-A76L-01A,0.9613749908113712,0.9645051363711855,0.9251611821466432,0.949399209256914,0.019193342299542615
TCGA-S9-A7J1-01A,0.9598516711790583,0.8985554801982119,0.9388495448998251,0.9751620887274893,-0.05939895473724566
TCGA-CS-6188-01A,0.9741221649206058,0.951504531317561,0.9134641581067446,0.9587708001485108,0.0027188235922738224
TCGA-WY-A85E-01A,0.957746700285977,0.9032775688989269,0.9537056067988979,0.9720092844108041,-0.0578762949329662
TCGA-S9-A6TX-01A,0.954523373657021,0.9064794329323298,0.9376154377479532,0.9758768938397158,-0.04952580214923352
TCGA-HT-7677-01A,0.9520149887566611,0.8960589023727319,0.9468757987991671,0.9742612874941506,-0.06165845597726105
TCGA-F6-A8O4-01A,0.9590362080677487,0.892075571709829,0.9425993435723858,0.9634708272513138,-0.06295988792065377
TCGA-TM-A84S-01A,0.9665093307755737,0.9126628505122472,0.9392291623095801,0.9681952003333968,-0.04531504729393643
TCGA-DU-A5TR-01A,0.9614062100073244,0.9358402636482761,0.9188777627934073,0.9497772879939592,-0.007513489949954155
TCGA-E1-A7YD-01A,0.9713666834054697,0.930239036421009,0.9419431763820679,0.9581646568702743,-0.02691913579826155
TCGA-S9-A7R3-01A,0.9575157668010199,0.9136553908668362,0.9160542706658108,0.9666460083871896,-0.03308329108450392
TCGA-R8-A73M-01A,0.9566332156303223,0.8816529377292273,0.9497298406127728,0.9680988905036003,-0.07650104451967121
TCGA-DU-5851-01A,0.9613355793441402,0.9073051628559995,0.9441657912428776,0.9736698234093035,-0.052418568476107597
TCGA-CS-6665-01A,0.9533538715788413,0.9276322576255412,0.9342969405441011,0.9730706616986549,-0.025941566981657838
TCGA-TM-A84G-01A,0.9478973760819333,0.8784810703084015,0.9417180101717433,0.9704647468429889,-0.07487897405715371
TCGA-HT-7474-01A,0.9640848613026329,0.9124192194881406,0.9364039674125999,0.9653318625497613,-0.0428543442668573
TCGA-FG-5965-02A,0.9645527064164526,0.9369603810594072,0.949393693903765,0.9522398121922514,-0.01843502311141576
TCGA-DB-5273-01A,0.9671029383241534,0.9230108587737532,0.9299479673741372,0.9650243155468057,-0.03101421497461221
TCGA-DU-A7TJ-01A,0.9728426207120104,0.937258426670354,0.9037499589332089,0.9556930029297522,-0.006836767521303244
TCGA-CS-6186-01A,0.9697215867676662,0.9148429092031803,0.8710370546657084,0.9305196183839354,-0.008916510735923033
TCGA-DU-7304-02A,0.9381879847278349,0.8936930110087569,0.931123879878234,0.9278898945926503,-0.03870757539081626
TCGA-DU-7304-01A,0.9576475073796866,0.9116598845057252,0.9366189170066196,0.9615956498031375,-0.04029414022408928
TCGA-W9-A837-01A,0.961001910349097,0.8998087533042,0.9488323809844327,0.9694986052976137,-0.05996887890618119
TCGA-FG-8182-01A,0.9537034822909662,0.8932616267967789,0.9418301926252859,0.9779439748892705,-0.06456425647172859
TCGA-S9-A6WD-01A,0.9570660775316554,0.9024594295814887,0.9397808595900372,0.9778048805811813,-0.05575784298613595
TCGA-HT-A74O-01A,0.9559592352581184,0.923429256647359,0.9208689011808805,0.957400264726722,-0.021313543741214747
TCGA-E1-5319-01A,0.9617943465357323,0.9242723626575831,0.9374845248311855,0.9769296784289969,-0.034463820607721796
TCGA-DU-7298-01A,0.9575024820367846,0.9053008769985244,0.9395873448576766,0.9742079411572002,-0.05179837901869622
TCGA-FG-5965-02B,0.9524808411558453,0.8977233485584432,0.9436731900763401,0.9524111291199748,-0.05179837155894362
TCGA-DH-A66B-01A,0.9513255094928496,0.918779964603997,0.9313468425046496,0.9534805620627345,-0.02660434008274748
TCGA-DU-A5TP-01A,0.9479660140304825,0.9420570616049946,0.9267779115954188,0.9480567791200288,0.0011234933563512017
TCGA-DU-5849-01A,0.9619121381119516,0.9078526010355417,0.9438189271030405,0.9682805902754283,-0.050151284127931794
TCGA-HT-7692-01A,0.9620502996599988,0.8969738905094375,0.9433114016636659,0.9745256919897075,-0.06298857392835322
TCGA-DU-A76R-01A,0.961391818179403,0.918368425711926,0.934931973361475,0.9636834965409019,-0.03496733698200061
TCGA-DH-A7US-01A,0.9576118599289887,0.8982095131696104,0.9395023065513752,0.9739249191480769,-0.058803515373203274
TCGA-E1-A7YY-01A,0.9556789267327538,0.9037761711299434,0.9319505243327749,0.9483389060563846,-0.041546614577361085
TCGA-DB-A4XG-01A,0.956692111418432,0.8911890254832197,0.9504196625391537,0.9709246352309953,-0.06815644424630718
TCGA-HT-7884-01B,0.9573674202670592,0.8932791857895074,0.9444047799340848,0.9706732987978456,-0.06420264721015578
TCGA-S9-A7R1-01A,0.9612175663551832,0.9102958617112263,0.9469017409915486,0.9606860768566763,-0.04597259968990963
TCGA-TM-A84O-01A,0.9600766265201092,0.9073000414831204,0.9412537551073067,0.9786303166874859,-0.05268685795518013
TCGA-DU-7007-01A,0.948885983953776,0.9413240651116714,0.9005571661750671,0.9257363495137425,0.016264231897476278
TCGA-HW-A5KK-01A,0.9713593767851405,0.9418272399970442,0.9170868500529262,0.9688827952334871,-0.010615767360140249
TCGA-TQ-A7RK-02A,0.9491505721747956,0.8983929680623869,0.9296002017681559,0.9664541047858112,-0.05000865818053413
TCGA-HT-7477-01B,0.9580143882853177,0.9090431373237611,0.9224763154794957,0.9667670222253729,-0.04004277133963441
TCGA-DB-A4XC-01A,0.9595726911301172,0.9099216356787025,0.9461148612102726,0.9686284155529274,-0.04818368695240316
TCGA-FG-A711-01A,0.9621882397953084,0.9077867548128102,0.9421287782449377,0.9698899311116197,-0.05028222823781159
TCGA-DU-6393-01A,0.9453086183579501,0.8908340960520799,0.94522261005299,0.9605441183157309,-0.05952435285681057
TCGA-S9-A6U2-01A,0.958688147244784,0.9073564680378778,0.937500851384692,0.9726376254936774,-0.04891907333650669
TCGA-HW-7487-01A,0.9606359150944149,0.8983458697225167,0.9472181556082814,0.9716705888755346,-0.061495683470226936
TCGA-DU-6410-01A,0.9274018632324667,0.8802550772924912,0.9485455144246603,0.9592457257590129,-0.06480929051288875
