sample_id,Tumor,Macrophage_Microglia,T_cell,NK_cell,B_cell,Endothelial,Oligodendrocyte,Astrocyte
305273026,0.0,0.0,0.0,0.42245173093736693,0.44955403708180064,0.09462222264565544,0.0,0.03337200933517703
305405294,0.0,0.007163148110459389,0.17969756116728927,0.04362137774116316,0.29785794554410533,0.37512367727396273,0.0,0.09653629016302008
305952560,0.05320154135866199,0.025958473216942866,0.12222116416951138,0.002397325042706334,0.3196733620243546,0.2545686554900181,0.09258477098853511,0.12939470770926959
306124462,0.35033646114311634,0.0,0.11315627498363952,0.12912010882578842,0.3143704487488358,0.09273313008623434,0.0002835762123855474,0.0
300173630,0.0,0.013739918553791069,0.0,0.15240452770689997,0.2936645111744758,0.18894258252533425,0.1611817897742759,0.19006667026522298
300173636,0.0,0.004025704585100154,0.03367076979597772,0.16319831357883047,0.299654796250947,0.17013555258252813,0.12022130044111543,0.20909356276550123
300629315,0.0,0.011572748381480254,0.10842579321272444,0.06467057716181511,0.242427566432143,0.27323203111059574,0.1571067333386465,0.14256455036259497
300629344,0.0,0.0,0.14419721860338605,0.0,0.4141436584099959,0.14017600963904403,0.1369826388547321,0.16450047449284189
300629350,0.0,0.0,0.039403231448404866,0.07711000546402139,0.40047762840796625,0.1889976045038086,0.0769365823833737,0.21707494779242528
300629358,0.0,0.0,0.1291589957517693,0.0,0.3763645688207515,0.3538637765765262,0.0,0.14061265885095306
300629403,0.0,0.02977142772479823,0.2700581327886386,0.036334151492898537,0.19824115091754976,0.1935432239186617,0.010387026897922461,0.2616648862595307
300629424,0.0,0.028589371927468056,0.00019528218775235229,0.12534401849137142,0.38600330378866987,0.24027249230219774,0.0,0.21959553130254067
300629432,0.008086337635968135,0.0,0.10500006429276572,0.10337445142379884,0.31718810044856355,0.23295900374903172,0.10690412946700947,0.12648791298286266
301287570,0.024059623949165856,0.07339362107733134,0.0,0.2558695284612787,0.3382515825679983,0.15882287622122324,0.024628410101237192,0.12497435762176538
301287582,0.0,0.1285823796978797,0.0,0.3214575891025784,0.2605843850128796,0.14351144464657029,0.019750810494214233,0.12611339104587765
302262300,0.0,0.05783182428746068,0.0,0.39492593983525726,0.32184267617302115,0.12339430111199724,0.0002511717796512545,0.10175408681261248
301287613,0.0,0.0,0.06561995228073352,0.06472222524783405,0.4390194596596185,0.2117666662874169,0.07573025099666338,0.14314144552773367
301287630,0.0,0.0,0.2175523749819401,0.0,0.33439251119893865,0.13822703610786474,0.023591480730297463,0.286236596980959
301287636,0.0,0.0,0.18847521911169515,0.03547365527345818,0.25147129021870895,0.10421960649978773,0.12442410216440375,0.29593612673194636
301626681,0.0,0.0,0.25504034992685615,0.0,0.24700488467984047,0.27473576830682384,0.08158357109443153,0.14163542599204812
301626685,0.0,0.0,0.3533744533034155,0.0,0.26898071996432577,0.1989279346841418,0.036065488546644875,0.14265140350147215
301626689,0.0,0.0,0.27572591373694844,0.0,0.3516554540689076,0.17606307293672532,0.05427882885851235,0.14227673039890618
301626693,0.0,0.0,0.0,0.5021669728657578,0.3398881322803267,0.1169938284216445,0.010819439740061186,0.03013162669220972
301287698,0.0,0.04122916088462762,0.0,0.31979203192001565,0.4425145817465127,0.11522550470310279,0.017904349848846098,0.06333437089689502
301287708,0.0,0.04107122026352312,0.0,0.6079178476267708,0.1758678415713934,0.081644498713026,0.0,0.09349859182528666
301626597,0.0,0.017862004940359687,0.05562369359084658,0.029570570565143055,0.33568741705580557,0.2087079895177723,0.02968699962837977,0.32286132470169293
301626605,0.0,0.0,0.05108376665540631,0.06673214607701101,0.38051602618290997,0.19596038794444315,0.0009048031534571927,0.3048028699867723
302264000,0.0,0.0,0.11540126825581987,0.0,0.3690478760175523,0.2325108935168899,0.0,0.283039962209738
304950286,0.23786883472985174,0.02748534429637014,0.0,0.44999120579515095,0.13875936896918825,0.10611003436321674,0.0011224200710744773,0.03866279177514758
304950292,0.17875298164940764,0.015469369519058227,0.0,0.5709071033097274,0.11368193091020684,0.07980041144752635,0.001795734746991379,0.03959246841708223
304357555,0.2723723371449961,0.037453917524298615,0.0,0.29116061746015265,0.22280809073740002,0.11813506745731418,0.0,0.05806996967583842
303748303,0.0,0.0014564567366725772,0.12304434016147678,0.05743969622646616,0.31934365685864163,0.31209901474759816,0.06158342544933715,0.1250334098198076
303748309,0.0,0.013894859906133646,0.10655960254115932,0.06599662325892414,0.22517650714778775,0.3026597872895757,0.09966691419720038,0.18604570565921913
303748328,0.0,0.0,0.14797729330417414,0.03355145478343087,0.19801923437694818,0.4778672323043974,0.05183472768812078,0.09075005754292868
303748260,0.0,0.0,0.09197903340178462,0.028983448343754537,0.3039770477113841,0.11501225849432195,0.005450543919619074,0.4545976681291356
303748330,0.040340514027482684,0.14694467935356664,0.0,0.34475315870649287,0.20746554355409466,0.17638641862877266,0.005054958666314916,0.07905472706327563
303748264,0.0,0.0,0.2045475118455864,0.0,0.3516087824182241,0.13498475715320007,0.09858364859909897,0.2102752999838905
303748334,0.0,0.007983998613636765,0.25276005775700777,0.047061934355440524,0.3111101224667194,0.2369105678194699,0.03640770933694064,0.10776560965078494
303748338,0.0,0.015384183288575552,0.0,0.5360555841735735,0.13168308613668397,0.14165811826983626,0.05793026792592273,0.11728876020540806
304950300,0.0,0.0,0.21796841172972384,0.0,0.38117945286250837,0.20861051086436674,0.010923669602739652,0.18131795494066133
303748342,0.0,0.0,0.21486829045765532,0.0,0.4013280345683938,0.20590725318077052,0.1649867457255937,0.012909676067586853
304357561,0.0,0.0,0.2396360308810966,0.0,0.2554755590457633,0.47043028928571734,0.03445812078742261,0.0
304357565,0.28364656085249784,0.04378421698955041,0.0,0.5538357303183407,0.09074522476369318,0.02798826707591795,0.0,0.0
304357518,0.0,0.028633569617981126,0.21067399449101976,0.018009885103404365,0.3530327784976326,0.25071402598263953,0.0,0.13893574630732267
304950326,0.050661235090139554,0.0338058113728692,0.0,0.10763992104509665,0.2475977540967517,0.15074402694183311,0.19987026182951723,0.2096809896237926
304950249,0.0,0.0,0.0,0.1586635751166868,0.4582244107983866,0.15352675712024097,0.02221486133087497,0.20737039563381066
304950261,0.043311908021739495,0.0,0.0,0.04935658668940719,0.363544960415216,0.27520783605723975,0.13226262930855678,0.13631607950784086
304357589,0.0,0.0,0.2147210245314612,0.028285217226961094,0.3249090222785662,0.18859707387311933,0.0,0.24348766208989217
304357591,0.0,0.0,0.17618897445365497,0.0,0.34743621549901577,0.18100514870073403,0.024772106913669406,0.27059755443292566
304357595,0.0,0.0,0.10065098348082535,0.03341012895412183,0.34026128902124747,0.1470670164614941,0.010442671324826047,0.36816791075748523
304357599,0.0,0.0058207493018580195,0.12677533708859,0.06348361406644985,0.27110265723040383,0.18233144790416866,0.14183244244307483,0.2086537519654548
304357603,0.1267313135714028,0.04606921623908838,0.01935650105244135,0.10700625585783459,0.07627050967509899,0.2318638190502372,0.21328312122664403,0.1794192633272526
304477573,0.0,0.0,0.0,0.055158280414712206,0.6533008013481202,0.257376573879062,0.009168861655137868,0.024995482702967718
304477577,0.0,0.003253227892718178,0.1002248862302101,0.19136556413075922,0.3104668654067821,0.19688347656138733,0.05080290918096595,0.14700307059717727
304477581,0.0,0.008177551778319546,0.20343312138587885,0.04160884696582276,0.25343712324906414,0.29213070622860765,0.04014542075889697,0.16106722963340997
304703655,0.0,0.0,0.16038870615288284,0.10019955443028054,0.3432570436800904,0.23179035227197467,0.0,0.16436434346477166
304950370,0.042046597660481015,0.0,0.1273658688058731,0.003836409347960575,0.20845628241752592,0.3207574993909523,0.15880662196796988,0.1387307204092371
304950374,0.0,0.027776417009435134,0.06713362642237625,0.046101914280930904,0.1719387613593783,0.32015563569800776,0.0789573764135589,0.28793626881631285
304950405,0.0,0.0014952892099904117,0.03218192580481893,0.08880272800371895,0.12749633587626918,0.19198724535175749,0.322552049558527,0.23548442619491816
304950409,0.0,0.012589077770998195,0.08468050673056694,0.3159700642346839,0.3173408808583711,0.14255931966488086,0.04650130290149268,0.08035884783900649
305272792,0.0,0.0,0.20351925398650916,0.0,0.29466934878324497,0.20881909951739003,0.003153686082164637,0.2898386116306912
305272798,0.0,0.0066904897127832924,0.30031325054477676,0.10489585496904263,0.22801138220567682,0.17141667564090932,0.0676825987532409,0.12098974817357028
305272994,0.0,0.0,0.16094330423236625,0.0,0.509751972547305,0.121305871773814,0.007730734654478515,0.20026811679203638
305273000,0.0,0.0,0.0,0.7786532690303536,0.11374664566205873,0.06840586100629262,0.0,0.03919422430129506
305273032,0.0,0.0,0.0,0.053955885356818944,0.445002130310687,0.20570573612437315,0.0,0.29533624820812093
305273040,0.0,0.0,0.0907172916339125,0.019447786819457344,0.37922923102340067,0.2621513805487963,0.04007626931841275,0.2083780406560205
305461070,0.0,0.023666389985230716,0.16588940832938917,0.25149566026806597,0.23321387780281536,0.15651452319803216,0.07156257290100572,0.09765756751546091
305461076,0.0,0.013443838182251694,0.20642841888465177,0.0,0.35588727472954185,0.20983400434285432,0.03434470527539179,0.18006175858530854
305461082,0.0,0.05253895385571157,0.0,0.07447037936217184,0.41633376410824297,0.2967911788884174,0.014484777207368568,0.1453809465780876
305405292,0.0,0.0,0.08122567453636116,0.1274861642268826,0.4804900775233214,0.17222241180989664,0.029389448360405846,0.10918622354313233
305405298,0.012930748258252318,0.02804293108680559,0.0,0.11974894116365656,0.15206531622568836,0.3202171062953737,0.2872855288880531,0.07970942808217041
305405304,0.0,0.0,0.0,0.09604703075272363,0.728993488730192,0.1301568486309314,0.0,0.04480263188615315
305461103,0.0,0.09006610821555461,0.27235362056388634,0.17441362470116661,0.1461913808705074,0.22336989307627783,0.031191803665160046,0.06241356890744696
305952558,0.35275572340642625,0.0,0.12850379844864637,0.11310512468785687,0.05181088890643026,0.0841218958441664,0.13801237015186665,0.13169019855460715
305461107,0.0,0.0048525345601319525,0.0,0.5829291932232096,0.2160578195421805,0.1353440743573624,0.0,0.06081637831711552
305952566,0.0,0.002917543530159235,0.2743586980141678,0.0,0.18594774798654518,0.2300056402676475,0.01959673635765598,0.2871736338438242
306124406,0.0,0.06948259931943324,0.0,0.15881578544762695,0.27642922289337196,0.21325939525274837,0.05594929709471355,0.2260636999921059
306124414,0.0,0.01593868003716133,0.1094003408314979,0.03359992392727954,0.4705436064370237,0.2811209956876106,0.0,0.08939645307942677
306124418,0.0,0.02330111502888526,0.019374732646675826,0.060524155092525504,0.3596861376650106,0.35478994989061496,0.025457678686011682,0.1568662309902762
306124422,0.0,0.07485630193743636,0.0,0.32972789189419843,0.3093391282391234,0.1550324503449251,0.013916703694061285,0.11712752389025524
306124452,0.0,0.0,0.0,0.2877717732224168,0.43502798168901846,0.26254688054859665,0.0,0.014653364539967972
306124460,0.5795148871327701,0.0,0.1933098196242926,0.16494950572153255,0.03242948109868151,0.02979630642272324,0.0,0.0
306124486,0.0,0.02969899206558273,0.11277856664926976,0.023589590003043528,0.31782662576823345,0.2321869929142983,0.03089286366171928,0.2530263689378528
306124488,0.0,0.0,0.07739672110815696,0.0743299618706258,0.3330160963802782,0.30221319312233996,0.09649726320873112,0.11654676430986788
305952554,0.34996317902561175,0.0,0.08449805477974352,0.06284517359852526,0.16308461014427061,0.14228883452694946,0.06976955461008973,0.12755059331480983
304357512,0.0,0.01505008184774122,0.275925979439907,0.06601243218408914,0.2756106982871483,0.18833520377735002,0.05873059457445947,0.12033500988930478
304703663,0.0,0.0,0.15395729374983008,0.0,0.4350460920118039,0.33483583698371416,0.0,0.07616077725465181
304950380,0.39959453658801686,0.0032176714890728847,0.0,0.10124581504271304,0.09548719465513288,0.14833214868448855,0.10493409034184051,0.14718854319873514
305461115,0.0,0.01219819829629736,0.0,0.18572227284597673,0.05920396815782638,0.3187954277183525,0.1919589254818474,0.23212120749969958
305272986,0.0,0.22373271561813807,0.11891257202037257,0.01876909599814199,0.17767911145566684,0.23729929497338142,0.10923206432812244,0.11437514560617662
305272988,0.263187972986995,0.020143252742114297,0.10122630790460849,0.043836606679313356,0.15230111290390927,0.24625413798162832,0.0,0.1730506088014313
306124511,0.12542543413607635,0.04509541859127322,0.0,0.33029164948254885,0.21191553598594606,0.16369937150984376,0.0,0.12357259029431157
305461119,0.0,0.015976068536185224,0.0,0.15742437687609012,0.3690941350984183,0.1850712999960839,0.1250235285513919,0.14741059094183054
301287644,0.16051812767187879,0.0,0.0,0.23737762099833185,0.48605697929781616,0.07814692870630456,0.0024908143370855323,0.03540952898858312
300173634,0.0759511614408397,0.0,0.0,0.31561353219826876,0.4824128637455351,0.11058348038782685,0.0,0.015438962227529536
300629309,0.02291335362167,0.0,0.0,0.262375321187804,0.48705033302933354,0.15545183078555552,0.0006318432521850531,0.07157731812345183
300173646,0.0,0.0,0.0,0.3798971533755353,0.4115206602962008,0.17444145804825745,0.006981361569895233,0.027159366710111123
300629348,0.0457746116866312,0.0,0.0,0.28433824158775167,0.4532316494108649,0.1865636422993695,0.005505712330796462,0.02458614268458625
300629376,0.0,0.0,0.0,0.2935410784776726,0.5206619627916302,0.15243127690001554,0.0,0.033365681830681525
300629384,0.06157323168593383,0.0,0.0,0.179895322843848,0.552140825790602,0.20191984264009946,0.0,0.00447077703951687
301287568,0.031894695361550485,0.0,0.0,0.24894641272886214,0.5772798500576013,0.11348926554124361,0.0,0.02838977631074241
300629422,0.0,0.0,0.0,0.22967730937264197,0.6434037729349786,0.10087140284931696,0.0,0.026047514843062402
300629436,0.007337173881134954,0.0,0.0,0.2510599309193727,0.6006851693727939,0.1185535010431102,0.0,0.022364224783588193
302262290,0.0786288004314941,0.0,0.0,0.29146789516078625,0.5095468803354295,0.10648407517606334,0.0,0.013872348896226707
301287632,0.07486264514616292,0.0,0.0,0.1721171512115618,0.5816786327291555,0.13684709321251315,0.0,0.03449447770060643
301626679,0.0,0.0,0.0,0.12164405896508089,0.5351799778287675,0.24189379392176652,0.0,0.10128216928438531
301287692,0.0,0.0,0.0,0.2276277877821893,0.603575966050576,0.135024904958445,0.0,0.033771341208789746
301287700,0.0,0.0,0.0,0.20396961258938362,0.5972345738364558,0.17385787476764364,0.0,0.024937938806516846
301287736,0.02038943460303318,0.0,0.0,0.2157872296677526,0.5819974368399994,0.14499892960115324,0.0,0.03682696928806177
302264006,0.0,0.0,0.0,0.2361458997635006,0.5834900459999218,0.09508822619695767,0.0,0.08527582803961986
302264008,0.15909859173112972,0.0,0.0,0.21236847331194905,0.5038585611902249,0.10723231384623125,0.0,0.017442059920464967
302264010,0.07198342544319337,0.0,0.0,0.21539314765725887,0.5537279131124192,0.14509945662914162,0.0,0.01379605715798701
303748199,0.2871023727257605,0.0,0.0,0.14745786005204087,0.5110377997587924,0.05440196746340621,0.0,0.0
304950290,0.011191728372982985,0.0,0.0,0.3774988735507257,0.4595480764543824,0.10965568753589083,0.005763640479012004,0.0363419936070062
304950296,0.0,0.0,0.0,0.4940982098609421,0.38105369859541216,0.09987167064585922,0.0007585557286741968,0.024217865169112188
304357559,0.1546393569544895,0.0,0.0,0.3694474865830855,0.3580957397410318,0.10684755331746415,0.010969863403929072,0.0
303748201,0.15705872108408891,0.0,0.0,0.30695568346345525,0.4066200914796562,0.12214742354861267,0.006948795650999165,0.0002692847731876817
301287738,0.06782852906887954,0.0,0.0,0.3264484586236532,0.47552051197342354,0.09217165393161204,0.010789062141227693,0.027241784261203883
300173642,0.0,0.037368092695943024,0.03540817202808963,0.09021668218804102,0.34327983838567416,0.13550425419619266,0.0606866596272564,0.29753630087880306
300629317,0.06807686454045682,0.05305401125251626,0.0,0.1097653426520189,0.15387013311874564,0.30490853387531297,0.12252078392229003,0.18780433063865934
300629321,0.0,0.03057870666174867,0.0,0.13060944355588938,0.23055165452574466,0.12286979939877737,0.23127832183072286,0.254112074027117
300629346,0.0,0.0060310157377757466,0.11306134958854273,0.0,0.2113022005882383,0.5314764151912919,0.0,0.13812901889415147
300629370,0.0,0.018642196502968812,0.12739894111877664,0.0,0.3802892763046333,0.32501156374842477,0.0,0.14865802232519645
300629360,0.0,0.0,0.1255236094411982,0.0,0.24877215259020458,0.5233870696996217,0.0,0.10231716826897559
300629405,0.0,0.019925037104578994,0.0,0.09607133401121018,0.5879230871366583,0.12440714424008015,0.019002784685704335,0.15267061282176808
300629426,0.0,0.049585002666707,0.006162492924457661,0.08872777834639656,0.43523720065472205,0.1670735915182834,0.010352293830517431,0.2428616400589159
300629434,0.0,0.0192578013350606,0.12531340186383366,0.04339835058036255,0.4030902944710436,0.150036356436459,0.040407362980273066,0.2184964323329674
302262292,0.16872440843329642,0.10190380508025713,0.0,0.27262416515344917,0.2721797227258088,0.12638770933559426,0.02767847190665611,0.030501717364938133
302262298,0.06739629210900024,0.08867483548534139,0.0,0.28445369821809985,0.3307514959830344,0.1555971966775906,0.011170949893129929,0.061955531633803636
301287611,0.0,0.046384728643256795,0.06334588537693771,0.02657947177379247,0.3467886777576853,0.27487436917251573,0.019605504592344645,0.22242136268346746
301287615,0.0,0.04869931264335032,0.0011897124338074916,0.03380683018859689,0.4704957941258922,0.3349632228274777,0.0010130349620536645,0.10983209281882177
301287634,0.0,0.0,0.0,0.024284716702824366,0.6101718276502985,0.2490452679582388,0.0,0.11649818768863843
301626683,0.0,0.002757320282926114,0.24607144453716293,0.0,0.2788209499942176,0.3155674054840241,0.0,0.15678287970166926
301626687,0.0,0.0,0.16020964567774626,0.0,0.30797546318537766,0.4241187067523429,0.00023628182641783347,0.10745990255811534
301626599,0.0,0.01548524906580673,0.016502484164467854,0.12062171082818049,0.39324091943838047,0.11631816797147382,0.029420191554573476,0.30841127697711734
301626607,0.0,0.0,0.0,0.0996159535837993,0.4708362700466703,0.17254630328049267,0.0,0.2570014730890378
302264002,0.0,0.0,0.0,0.037517592871798386,0.6385867144304098,0.1710303591180157,0.0,0.152865333579776
304950288,0.3726013814891786,0.022267759488518807,0.0,0.40169633044727415,0.06436844831794292,0.0785018728453769,0.0,0.06056420741170861
304950294,0.045434406281163894,0.0772291395633448,0.0,0.5152685635132347,0.067305741694034,0.11707252563876536,0.005840039078619275,0.17184958423083785
304357557,0.6127979628036084,0.0,0.0,0.2068451440816095,0.13062924714943833,0.04972764596534381,0.0,0.0
301287740,0.0,0.09943889686685226,0.0,0.5021529723058334,0.21515029914440784,0.09964592830707154,0.01582635518640117,0.06778554818943368
301626595,0.0,0.0017989882116394634,0.13174983573450685,0.021544141107072548,0.30962332483553195,0.3927533127251276,0.009558615341239803,0.1329717820448817
304477583,0.0,0.06781735621383933,0.14243327740714853,0.0,0.3258028005691478,0.35223164450512606,0.020667726260665865,0.09104719504407251
304703661,0.0,0.09087906783435722,0.0,0.3248168904734231,0.2460512107068139,0.141774540285765,0.1273088998124299,0.06916939088721079
304950411,0.0,0.0,0.13758666663345706,0.08555573672012448,0.23132881274801892,0.5052274731317282,0.0,0.040301310766671365
305405300,0.0,0.0024718797242786993,0.07134422657215134,0.03261352969352843,0.3387239090223295,0.43584042328964706,0.03687986527744273,0.0821261664206222
305461074,0.0,0.0,0.0,0.25674672835225076,0.4505367363095224,0.2124789343569426,0.010002402925195771,0.07023519805608848
306124408,0.0,0.02142390388299195,0.0,0.27158748813831163,0.41071571088595465,0.18696497320998443,0.027359174686043986,0.08194874919671323
305461111,0.15312872256519358,0.017781785400433087,0.22848737766796895,0.02488939256624584,0.055398251323487455,0.33265112661989893,0.016017052667963935,0.1716462911888083
304950328,0.0,0.017297662424241567,0.10742255561913266,0.039159569427257256,0.3317694553877453,0.40521477419508434,0.030390115083011687,0.06874586786352713
304950263,0.0,0.0,0.22584920691220195,0.0,0.33083403002950396,0.11908183687986501,0.005077219777248989,0.3191577064011802
304477575,0.0,0.0,0.0,0.11598062451340742,0.6727133635355036,0.19273908010241877,0.011635052982504498,0.006931878866165791
305272990,0.0,0.005674627409821973,0.12103192385526657,0.08487284958752407,0.26446258366437164,0.3258659632655926,0.05260557100028208,0.14548648121714117
305952568,0.0,0.042766548319924914,0.1917362710567419,0.0,0.3171055972838146,0.34602169870304855,0.014092100826222803,0.08827778381024735
303748262,0.0,0.010938291366882702,0.0,0.11145046698328834,0.4909000189325513,0.18236633649550005,0.013902805970688591,0.190442080251089
304357514,0.0,0.020633661741913605,0.03551013688920849,0.14676167223633582,0.3422892983269002,0.2872940005326974,0.0,0.16751123027294443
304357520,0.0,0.058474126741018116,0.0,0.09453414056671974,0.4051464472003032,0.2057683330626093,0.0,0.2360769524293497
306124412,0.49493521615769265,0.015230749248857273,0.0,0.30877598794838323,0.10857333463350446,0.06765083951669941,0.004833872494863014,0.0
303748340,0.0,0.10002492453642947,0.14964654731852783,0.1348722095377071,0.2123051053973742,0.24863909801720407,0.013556027022275121,0.14095608817048233
305273028,0.0,0.0,0.0,0.7526550236025193,0.15147080493066595,0.06697945579160665,0.005956134514260703,0.022938581160947307
305461084,0.05263101360010824,0.037436590598051225,0.0599518381229949,0.058883444278284756,0.5041608839313793,0.17849503347299192,0.03517937251495453,0.07326182348123514
305405302,0.0,0.0,0.0,0.1861756653637589,0.4712376099543704,0.2373272310972757,0.011609638663817076,0.09364985492077794
305952562,0.0,0.03814294205557874,0.0,0.49571778652587517,0.100749233282046,0.30026457395928485,0.0,0.06512546417721525
300173640,0.0,0.08680146469945528,0.06374915271271078,0.07575952209675234,0.08550567321845846,0.3205291676022029,0.08755155470816409,0.2801034649622562
300173644,0.0,0.04670719309919868,0.03643585525242135,0.12401132833768458,0.13314112165860384,0.23478407318270023,0.137757883776969,0.28716254469242236
300629323,0.0,0.044718380030493485,0.12324384165203348,0.05603688210192087,0.13132409483837773,0.2921583839267279,0.060026148611945156,0.29249226883850127
300629356,0.0,0.0,0.2036120921191797,0.0,0.23686846970682354,0.28007486261982567,0.07873510089231522,0.20070947466185576
300629374,0.0,0.046147660991199546,0.17559202598167048,0.0,0.17122961527808184,0.19659453448994282,0.07488848786959718,0.3355476753895081
300629382,0.0,0.016876485293749712,0.2586652397793298,0.0,0.20675107997903983,0.22896160714913222,0.024114624435478547,0.26463096336326986
300629401,0.0,0.026651124321611784,0.28881885511782757,0.0,0.11546719151436098,0.2132186387859233,0.024818823911597013,0.33102536634867946
300629409,0.0,0.0,0.3223464250339077,0.0,0.09375436625206178,0.17138449071573966,0.005318319281163263,0.40719639871712765
300629430,0.0,0.04764329936982755,0.0,0.1273176272452691,0.20996848483737995,0.22708669108338106,0.11218302803485362,0.2758008694292887
301287572,0.033433855716785456,0.04992398774095644,0.0,0.2499317361301722,0.25757915363471484,0.1895201754785376,0.0870183512486077,0.13259274005022562
301287584,0.0,0.08975839329118272,0.0,0.2989862650551682,0.26125376783012355,0.17105876015443572,0.04144250817560418,0.13750030549348552
301287607,0.0,0.004286322459049135,0.0,0.05146781170328736,0.48447350204152784,0.2457373337277418,0.003708320859889286,0.2103267092085046
301287638,0.0,0.008761003883093576,0.11357389729745879,0.0,0.46808140438159035,0.2015833124496065,0.03821194511932556,0.16978843686892517
301287704,0.0,0.0,0.034951012282345886,0.07386537483734881,0.4723880744821442,0.17398545808501234,0.004842220710839197,0.23996785960230954
301287728,0.0,0.0,0.07553205740478236,0.0692788918989761,0.4023345444984915,0.11529465657409445,0.0,0.3375598496236555
301287734,0.0,0.0,0.0,0.04520405369591854,0.7653941936434545,0.0977661429642415,0.0,0.09163560969638554
301626603,0.0,0.0,0.0,0.09927885471548303,0.4725702298236587,0.14164464765817486,0.02768979207300442,0.25881647572967914
301626609,0.0,0.0,0.13140840440830362,0.0,0.34436243378333586,0.2764523491584687,0.014055331368050584,0.2337214812818414
302263998,0.0,0.010141054631663723,0.13933259663536696,0.0,0.29381168237897765,0.2885432932354687,0.0426169635535454,0.2255544095649775
303748195,0.0,0.019791066593569356,0.19122810501681184,7.30675771190654e-05,0.22143095027672036,0.2915245633232555,0.08722534092653789,0.18872690628598596
301287599,0.0,0.08698815434703369,0.0,0.292327680022263,0.27161608035224927,0.17786099954353332,0.028491708792161518,0.14271537694275918
303748305,0.0,0.008184905430953293,0.14958484349769113,0.03247108820018951,0.3335836923278245,0.284137802651633,0.025286624881342,0.16675104301036664
303748315,0.0,0.05326641353827275,0.13232878900063902,0.026513146839128275,0.18959695415210556,0.3007963677138294,0.08534943855928065,0.21214889019674443
304477571,0.010176569277911987,0.0,0.0,0.3144251448492431,0.5091463754199419,0.11525800536433492,0.0036122354007533286,0.04738166968781477
305952570,0.019529813386460586,0.0,0.0,0.2422007065560594,0.498275387902435,0.1849224485882482,0.0023843992572954702,0.052687244309501356
306124484,0.05547823661851614,0.0,0.0,0.3336626388888766,0.40593655723474936,0.14963213938788397,0.005207359434104602,0.05008306843586935
300173638,0.0,0.17440642229549141,0.016134734701195263,0.0899602471324729,0.06289541318157427,0.3543355265241805,0.012902288752104177,0.2893653674129815
300629352,0.0,0.09073247203518316,0.14364821371681002,0.006772922130426314,0.10661217024683112,0.3310210321574647,0.006405645244648465,0.3148075444686362
300629372,0.0,0.03250726574304321,0.18441982009031974,0.0,0.07932646990976952,0.22228806712457413,0.04297866103286165,0.43847971609943176
300629399,0.0,0.06141521955696252,0.18341215689433552,0.0,0.046166269664958286,0.2182881810195045,0.05541500789906762,0.43530316496517163
300629407,0.0,0.06326943732872159,0.17512229768716397,0.0,0.03282835699716211,0.17158622767490192,0.06447529001885643,0.49271839029319386
302262284,0.15990050777276898,0.03638790981743442,0.0,0.18008505305997535,0.08954202244791505,0.1892740655132973,0.09828683363756555,0.2465236077510433
301287609,0.0,0.07267129365508339,0.0496730603505567,0.04809129943577303,0.261646220915281,0.21832865542192362,0.04640019676835439,0.3031892734530278
301287640,0.0,0.10487884430146761,0.15730160066670265,0.0028280943320556882,0.0794448002434685,0.28312385537155343,0.008531035517801315,0.3638917695669507
301626695,0.14512156955723438,0.014649691528926971,0.14540392063457178,0.02984298751246583,0.1028407637797123,0.22301016101349966,0.005822325055692428,0.33330858091789667
301287706,0.0,0.07272262573314457,0.17021600775727372,0.0,0.07612287368423605,0.24068612792237107,0.019677424790806704,0.42057494011216784
301287730,0.0,0.010986828390571215,0.20837455376289366,0.0,0.1035533490565887,0.14968978588195167,0.0,0.5273954829079949
301626601,0.2039890750808209,0.014039717960724103,0.16564465524052446,0.0,0.09587994971189592,0.1953946325657492,0.0,0.3250519694402853
302263996,0.08848800206240917,0.050504378091942824,0.10705547791197964,0.023569031253173604,0.09301968532602525,0.23340476104268676,0.06275711743132067,0.34120154688046206
302264004,0.0,0.03261953458811542,0.1525715282017158,0.0,0.05602719910513778,0.18726958763732063,0.0,0.5715121504677105
300629325,0.0,0.09673250045960832,0.15313551495047867,0.0,0.06796771000078132,0.3193083231227252,0.0,0.3628559514664066
300629386,0.0,0.05313455162633714,0.16156486077789795,0.0,0.05180492671986716,0.15105886833968898,0.009714637423561568,0.5727221551126471
301287601,0.0,0.051088023284313604,0.0,0.2877534683284562,0.2285284921652559,0.16274448840184383,0.0845639428929917,0.18532158492713874
303748307,0.05268134870935301,0.03565883841257589,0.20311199140338168,0.0,0.09630947179148407,0.22309086452828572,0.001424054491763742,0.3877234306631558
303748311,0.0,0.03702459153809309,0.18650714972255625,0.0,0.13256618485804939,0.296703263491204,0.11069929282628371,0.23649951756381343
303748317,0.0,0.021466695358280857,0.2049127556834027,0.0,0.1668413013721153,0.2572492189137232,0.08173097976796354,0.26779904890451445
304357569,0.0,0.0,0.07614485931032068,0.0993691077683347,0.44846860097062435,0.19163707373416272,0.0,0.18438035821655743
304357516,0.0,0.0,0.0,0.0952759087530637,0.5138400525587659,0.2887012219293181,0.0,0.10218281675885231
305272808,0.4184159069648989,0.047500876432418966,0.08243942637535118,0.028533243210769416,0.10821467666483167,0.2048041506502606,0.0,0.1100917197014692
305272996,0.0,0.009495132665018504,0.029746481902434372,0.0,0.7133587182930625,0.09595540108090556,0.022574438730273833,0.12886982732830501
305405296,0.0,0.017586657493112046,0.10556018344237732,0.09277647833715251,0.2748969445864992,0.39158908768151734,0.007970004155915077,0.10962064430342654
305273034,0.12035037856198938,0.0,0.0,0.05624630500990048,0.4449040052048696,0.18793013263895528,0.0,0.1905691785842853
305405306,0.0,0.0,0.09245674830657881,0.10410846911099197,0.4706132713660562,0.19416754741064646,0.0,0.13865396380572667
304950372,0.2233909399680456,0.0,0.02874156256109998,0.08663360717850237,0.24062615397601592,0.1823091020779677,0.068015434186601,0.1702832000517675
304357563,0.0,0.0,0.22475412892569632,0.0,0.1513420533945754,0.49434578993381295,0.1006151744952846,0.02894285325063073
304950322,0.0,0.07338348778874382,0.11222722407182648,0.08155492181128347,0.21727572164341807,0.22436738958526944,0.11277827374146282,0.1784129813579959
304950265,0.0,0.00032284038309695267,0.09373711461942155,0.06310072724709323,0.5533677020368278,0.08832293888411373,0.023482085515883818,0.17766659131356297
304357593,0.0,7.642222105111483e-05,0.09818406366396429,0.0278731311207454,0.2792777145794804,0.38997602565194206,0.0,0.20461264276281677
305272800,0.0,0.0,0.093377814379147,0.0,0.16439230627955262,0.715434917071199,0.0015034441644292415,0.02529151810567216
305461078,0.0,0.12039803779460975,0.0632759091270134,0.0,0.3041242219805291,0.33742912947468634,0.0,0.17477270162316133
306124420,0.0,0.07498086216212325,0.04000567557243358,0.04286429897275797,0.3402951980256588,0.3455033988556818,0.01552039133114764,0.14083017508019685
305461113,0.0,0.007260607466668226,0.18620430064286694,0.022066047697238248,0.054452239718872184,0.5427561759277648,0.024496890620394632,0.16276373792619486
303748332,0.0,0.11771442060603503,0.006698466924458514,0.07292440522131495,0.39059645553157313,0.2837092641767815,0.0,0.128356987539837
304357522,0.0,0.06914742286407942,0.0,0.09688564124576958,0.4474525144533379,0.22493037086345635,0.011690507239737895,0.1498935433336189
305272802,0.0,0.0,0.07935163933347582,0.0,0.17248447274591372,0.6348153915611789,0.04066112729066517,0.07268736906876623
305272998,0.0,0.22934221933569612,0.0,0.02251512591774676,0.4622012927874359,0.17963040107676653,0.0,0.1063109608823548
305273036,0.261052604941322,0.04101458246655436,0.0,0.05692877255113961,0.3988454139094069,0.1518800933371893,0.0,0.09027853279438805
305273042,0.0,0.05765240954961408,0.0,0.05237988279560788,0.38933466429316077,0.3361113887589075,0.005848891060033842,0.15867276354267607
305461105,0.0,0.1738232706953789,0.0,0.2205755690645629,0.21992365401589878,0.21564506734871375,0.0348677480520067,0.1351646908234389
305952564,0.0,0.08149335134395135,0.0,0.3191382624156596,0.3027490413527366,0.22476772171753343,0.0,0.07185162317011895
305952556,0.20856954035925448,0.1081696448310681,0.0,0.05985064827348244,0.4047871862951573,0.09887111849629787,0.0,0.11975186174473972
305461109,0.0,0.10594180239866538,0.0,0.07009042427776838,0.3766714948153192,0.2493304544923217,0.005854901892007344,0.19211092212391817
304950415,0.0,0.043627161571887105,0.05470579417513071,0.017455536366916956,0.31656296300139664,0.4505970924319384,0.03499613559013372,0.08205531686259644
305461117,0.0,0.15303338523167245,0.034399119193349134,0.011003739156951053,0.2785671151674925,0.3486987787419988,0.007027463963467501,0.16727039854506837
304950259,0.0,0.023347771389456387,0.0033531658007442994,0.06103325563426973,0.47014450070685354,0.2858507140301592,0.02569786680787494,0.13057272563064173
304950336,0.02739693406585137,0.0,0.0,0.3093098866816801,0.5001207950181807,0.08935488320936198,0.0,0.07381750102492583
304357597,0.027632627641376972,0.022967031300068514,0.0,0.07445938013160795,0.4403833415479879,0.3390686456839996,0.0,0.09548897369495896
304950407,0.0,0.0,0.1013328220398649,0.0,0.025467010609116696,0.8732001673510184,0.0,0.0
305272794,0.019040033203340027,0.001671183987610713,0.1209440434535722,0.0,0.431532311156403,0.22496698128737763,0.0,0.2018454469116964
305272992,0.0,0.0,0.0,0.2421059402176559,0.4754286290999383,0.20724211856380995,0.0,0.07522331211859573
305405290,0.007888681304119464,0.057173031345595864,0.0036049489608652703,0.05834895344033221,0.5008125888106283,0.2274087806644575,0.028556618994879587,0.116206396479122
306124416,0.0,0.0,0.0,0.15531826028801107,0.49381823600571634,0.30355976630774,0.0,0.04730373739853252
306124448,0.09588181833023668,0.0,0.0,0.2001677112489114,0.5053452426924503,0.08218646151566879,0.003842404454592442,0.11257636175814029
306124454,0.0035131602584497707,0.006236664061820738,0.0,0.2849649087740028,0.3763157948821674,0.25166717093620117,0.01955746490736057,0.05774483617999751
304477579,0.0,0.04470708347884567,0.08926395711146666,0.13136887247186638,0.25352105000304814,0.29095570257724507,0.09191139317414317,0.09827194118338504
304950376,0.0,0.0,0.11410112613409916,0.0,0.1377857828258883,0.5935856459682727,0.0,0.15452744507173996
305461072,0.0,0.024015885100446884,0.1392031568657781,0.14330619000634492,0.43350278806471876,0.17256414295884828,0.030218915813102362,0.05718892119076048
306124450,0.0,0.12485229326950081,0.0,0.322315819473198,0.2798440249822642,0.17383173674114966,0.018143132408677938,0.08101299312520935
306124456,0.0,0.009318075789661344,0.0,0.318083170367848,0.2410345411134029,0.40088296775259846,0.0045646631834925355,0.02611658179299693
306124482,0.5215409012625086,0.015822254358881512,0.16208253809972176,0.13248067806342423,0.07838397765703237,0.08968965055843162,0.0,0.0
303748336,0.0,0.0,0.0,0.2900309646663433,0.5351073447525672,0.12054917947200558,0.008856714079920978,0.04545579702916304
304950302,0.0,0.0,0.0,0.31672268836111117,0.5336586376488688,0.08310415067453412,0.0178177885022519,0.048696734813234
304357567,0.27458055761734873,0.0,0.0,0.27024485838476314,0.37784238406865084,0.0750507504567832,0.0,0.002281449472453951
304357571,0.0,0.0,0.0,0.23390883438398286,0.5446930123149489,0.15478013185490366,0.0,0.06661802144616454
304950324,0.007541596412185014,0.0,0.0,0.296344383834673,0.4685570821019964,0.14976154207893308,0.007956606531591172,0.06983878904062119
304950330,0.019788444113353048,0.0,0.0,0.2784943582959327,0.4893552529872278,0.15966742324730474,0.011583684508247573,0.04111083684793406
304357587,0.032953813011100896,0.0,0.0,0.2753685695021804,0.5115831427240768,0.10846870785058504,0.01000354516738363,0.0616222217446732
305272796,0.0,0.0,0.0,0.20218251017508787,0.5610447393246204,0.13013433523774243,0.0,0.10663841526254927
305273030,0.0,0.0,0.0,0.24679988346241738,0.5990905015031917,0.1274098558339772,0.0,0.026699759200413686
305461068,0.0,0.0,0.0,0.24110469642441149,0.4862639943726387,0.13781470869604254,0.026308528755577088,0.10850807175133022
303748254,0.021526766539005142,0.20273143518359324,0.0,0.06178452237202571,0.3480100569015134,0.17549625656011011,0.008856267170910617,0.1815946952728417
303748266,0.0,0.08671450382968239,0.0,0.031265035923673856,0.48146947369302984,0.2958912267435248,0.0,0.10465975981008915
303748344,0.03401027176308955,0.18357449057005976,0.0,0.04671925522007348,0.4205450113824983,0.09725890814038582,0.03356552656713926,0.18432653635675372
304357601,0.09117449827591882,0.06812420099945164,0.0,0.05029927450888779,0.5285223472171824,0.13466388307066474,0.0024130119268301322,0.1248027840010646
304703657,0.027535666037749252,0.1921491975045176,0.0,0.09874528615884183,0.35099059553154216,0.2212584352723271,0.0,0.10932081949502194
305273038,0.22361294112881885,0.01679647215778753,0.0,0.059468450050508645,0.3790359284465783,0.1786282566779495,0.0,0.1424579515383571
306124458,0.0,0.03869078367883778,0.013716762321809907,0.15667757921170117,0.10709748658258351,0.6496723519260398,0.013652532084386071,0.020492504194641707
