method,tumor_id,n_constraints_evaluable,n_satisfied,weight_evaluated,weight_satisfied,acs,constraints_satisfied,constraints_violated
nnls,292163427,6,6,7.0,7.0,1.0,"C1,C2,C3,C4,C6,C7",
nnls,703393,7,7,8.0,8.0,1.0,"C1,C2,C3,C4,C5,C6,C7",
nnls,703493,7,7,8.0,8.0,1.0,"C1,C2,C3,C4,C5,C6,C7",
nnls,705757,7,7,8.0,8.0,1.0,"C1,C2,C3,C4,C5,C6,C7",
nnls,705758,7,7,8.0,8.0,1.0,"C1,C2,C3,C4,C5,C6,C7",
nnls,705803,7,6,8.0,7.0,0.875,"C1,C2,C3,C4,C6,C7",C5
nnls,705859,7,7,8.0,8.0,1.0,"C1,C2,C3,C4,C5,C6,C7",
nnls,711547,6,6,7.0,7.0,1.0,"C1,C2,C3,C4,C6,C7",
nnls,711560,3,3,3.0,3.0,1.0,"C3,C4,C6",
svr,292163427,6,6,7.0,7.0,1.0,"C1,C2,C3,C4,C6,C7",
svr,703393,7,7,8.0,8.0,1.0,"C1,C2,C3,C4,C5,C6,C7",
svr,703493,7,7,8.0,8.0,1.0,"C1,C2,C3,C4,C5,C6,C7",
svr,705757,7,7,8.0,8.0,1.0,"C1,C2,C3,C4,C5,C6,C7",
svr,705758,7,7,8.0,8.0,1.0,"C1,C2,C3,C4,C5,C6,C7",
svr,705803,7,6,8.0,7.0,0.875,"C1,C2,C3,C4,C6,C7",C5
svr,705859,7,7,8.0,8.0,1.0,"C1,C2,C3,C4,C5,C6,C7",
svr,711547,6,6,7.0,7.0,1.0,"C1,C2,C3,C4,C6,C7",
svr,711560,3,3,3.0,3.0,1.0,"C3,C4,C6",
elastic_net,292163427,6,6,7.0,7.0,1.0,"C1,C2,C3,C4,C6,C7",
elastic_net,703393,7,7,8.0,8.0,1.0,"C1,C2,C3,C4,C5,C6,C7",
elastic_net,703493,7,7,8.0,8.0,1.0,"C1,C2,C3,C4,C5,C6,C7",
elastic_net,705757,7,7,8.0,8.0,1.0,"C1,C2,C3,C4,C5,C6,C7",
elastic_net,705758,7,7,8.0,8.0,1.0,"C1,C2,C3,C4,C5,C6,C7",
elastic_net,705803,7,6,8.0,7.0,0.875,"C1,C2,C3,C4,C6,C7",C5
elastic_net,705859,7,7,8.0,8.0,1.0,"C1,C2,C3,C4,C5,C6,C7",
elastic_net,711547,6,6,7.0,7.0,1.0,"C1,C2,C3,C4,C6,C7",
elastic_net,711560,3,3,3.0,3.0,1.0,"C3,C4,C6",
bayesian,292163427,6,6,7.0,7.0,1.0,"C1,C2,C3,C4,C6,C7",
bayesian,703393,7,4,8.0,4.0,0.5,"C2,C3,C4,C5","C1,C6,C7"
bayesian,703493,7,4,8.0,4.0,0.5,"C2,C3,C4,C5","C1,C6,C7"
bayesian,705757,7,7,8.0,8.0,1.0,"C1,C2,C3,C4,C5,C6,C7",
bayesian,705758,7,5,8.0,5.0,0.625,"C1,C2,C3,C4,C5","C6,C7"
bayesian,705803,7,6,8.0,7.0,0.875,"C1,C2,C3,C4,C5,C7",C6
bayesian,705859,7,5,8.0,5.0,0.625,"C2,C3,C4,C5,C6","C1,C7"
bayesian,711547,6,6,7.0,7.0,1.0,"C1,C2,C3,C4,C6,C7",
bayesian,711560,3,3,3.0,3.0,1.0,"C3,C4,C6",
bayesian_hierarchical,292163427,6,6,7.0,7.0,1.0,"C1,C2,C3,C4,C6,C7",
bayesian_hierarchical,703393,7,4,8.0,4.0,0.5,"C2,C3,C4,C5","C1,C6,C7"
bayesian_hierarchical,703493,7,4,8.0,4.0,0.5,"C2,C3,C4,C5","C1,C6,C7"
bayesian_hierarchical,705757,7,7,8.0,8.0,1.0,"C1,C2,C3,C4,C5,C6,C7",
bayesian_hierarchical,705758,7,5,8.0,5.0,0.625,"C1,C2,C3,C4,C5","C6,C7"
bayesian_hierarchical,705803,7,6,8.0,7.0,0.875,"C1,C2,C3,C4,C5,C7",C6
bayesian_hierarchical,705859,7,5,8.0,5.0,0.625,"C2,C3,C4,C5,C6","C1,C7"
bayesian_hierarchical,711547,6,6,7.0,7.0,1.0,"C1,C2,C3,C4,C6,C7",
bayesian_hierarchical,711560,3,3,3.0,3.0,1.0,"C3,C4,C6",
music,292163427,6,6,7.0,7.0,1.0,"C1,C2,C3,C4,C6,C7",
music,703393,7,7,8.0,8.0,1.0,"C1,C2,C3,C4,C5,C6,C7",
music,703493,7,7,8.0,8.0,1.0,"C1,C2,C3,C4,C5,C6,C7",
music,705757,7,7,8.0,8.0,1.0,"C1,C2,C3,C4,C5,C6,C7",
music,705758,7,7,8.0,8.0,1.0,"C1,C2,C3,C4,C5,C6,C7",
music,705803,7,7,8.0,8.0,1.0,"C1,C2,C3,C4,C5,C6,C7",
music,705859,7,7,8.0,8.0,1.0,"C1,C2,C3,C4,C5,C6,C7",
music,711547,6,6,7.0,7.0,1.0,"C1,C2,C3,C4,C6,C7",
music,711560,3,3,3.0,3.0,1.0,"C3,C4,C6",
dwls,292163427,6,6,7.0,7.0,1.0,"C1,C2,C3,C4,C6,C7",
dwls,703393,7,4,8.0,4.0,0.5,"C2,C3,C4,C5","C1,C6,C7"
dwls,703493,7,5,8.0,5.0,0.625,"C1,C2,C3,C4,C5","C6,C7"
dwls,705757,7,7,8.0,8.0,1.0,"C1,C2,C3,C4,C5,C6,C7",
dwls,705758,7,7,8.0,8.0,1.0,"C1,C2,C3,C4,C5,C6,C7",
dwls,705803,7,6,8.0,7.0,0.875,"C1,C2,C3,C4,C6,C7",C5
dwls,705859,7,7,8.0,8.0,1.0,"C1,C2,C3,C4,C5,C6,C7",
dwls,711547,6,6,7.0,7.0,1.0,"C1,C2,C3,C4,C6,C7",
dwls,711560,3,3,3.0,3.0,1.0,"C3,C4,C6",
bisque,292163427,6,6,7.0,7.0,1.0,"C1,C2,C3,C4,C6,C7",
bisque,703393,7,7,8.0,8.0,1.0,"C1,C2,C3,C4,C5,C6,C7",
bisque,703493,7,6,8.0,7.0,0.875,"C1,C2,C3,C4,C5,C7",C6
bisque,705757,7,7,8.0,8.0,1.0,"C1,C2,C3,C4,C5,C6,C7",
bisque,705758,7,6,8.0,7.0,0.875,"C1,C2,C3,C4,C5,C7",C6
bisque,705803,7,6,8.0,7.0,0.875,"C1,C2,C3,C4,C5,C7",C6
bisque,705859,7,5,8.0,6.0,0.75,"C1,C2,C3,C5,C7","C4,C6"
bisque,711547,6,6,7.0,7.0,1.0,"C1,C2,C3,C4,C6,C7",
bisque,711560,3,3,3.0,3.0,1.0,"C3,C4,C6",
scdc,292163427,6,6,7.0,7.0,1.0,"C1,C2,C3,C4,C6,C7",
scdc,703393,7,6,8.0,7.0,0.875,"C1,C2,C3,C4,C5,C7",C6
scdc,703493,7,6,8.0,7.0,0.875,"C1,C2,C3,C4,C5,C7",C6
scdc,705757,7,7,8.0,8.0,1.0,"C1,C2,C3,C4,C5,C6,C7",
scdc,705758,7,7,8.0,8.0,1.0,"C1,C2,C3,C4,C5,C6,C7",
scdc,705803,7,6,8.0,7.0,0.875,"C1,C2,C3,C4,C5,C7",C6
scdc,705859,7,7,8.0,8.0,1.0,"C1,C2,C3,C4,C5,C6,C7",
scdc,711547,6,6,7.0,7.0,1.0,"C1,C2,C3,C4,C6,C7",
scdc,711560,3,3,3.0,3.0,1.0,"C3,C4,C6",
scdc_ensemble,292163427,6,6,7.0,7.0,1.0,"C1,C2,C3,C4,C6,C7",
scdc_ensemble,703393,7,6,8.0,7.0,0.875,"C1,C2,C3,C4,C5,C7",C6
scdc_ensemble,703493,7,6,8.0,7.0,0.875,"C1,C2,C3,C4,C5,C7",C6
scdc_ensemble,705757,7,7,8.0,8.0,1.0,"C1,C2,C3,C4,C5,C6,C7",
scdc_ensemble,705758,7,7,8.0,8.0,1.0,"C1,C2,C3,C4,C5,C6,C7",
scdc_ensemble,705803,7,6,8.0,7.0,0.875,"C1,C2,C3,C4,C5,C7",C6
scdc_ensemble,705859,7,7,8.0,8.0,1.0,"C1,C2,C3,C4,C5,C6,C7",
scdc_ensemble,711547,6,6,7.0,7.0,1.0,"C1,C2,C3,C4,C6,C7",
scdc_ensemble,711560,3,3,3.0,3.0,1.0,"C3,C4,C6",
control_random,292163427,6,5,7.0,5.0,0.7142857142857143,"C1,C2,C3,C4,C6",C7
control_random,703393,7,2,8.0,2.0,0.25,"C3,C6","C1,C2,C4,C5,C7"
control_random,703493,7,3,8.0,3.0,0.375,"C1,C5,C6","C2,C3,C4,C7"
control_random,705757,7,3,8.0,3.0,0.375,"C1,C2,C5","C3,C4,C6,C7"
control_random,705758,7,2,8.0,2.0,0.25,"C3,C4","C1,C2,C5,C6,C7"
control_random,705803,7,1,8.0,1.0,0.125,C3,"C1,C2,C4,C5,C6,C7"
control_random,705859,7,4,8.0,4.0,0.5,"C1,C3,C4,C6","C2,C5,C7"
control_random,711547,6,4,7.0,4.0,0.5714285714285714,"C1,C2,C3,C6","C4,C7"
control_random,711560,3,2,3.0,2.0,0.6666666666666666,"C3,C4",C6
control_shuffled_signature,292163427,6,0,7.0,0.0,0.0,,"C1,C2,C3,C4,C6,C7"
control_shuffled_signature,703393,7,0,8.0,0.0,0.0,,"C1,C2,C3,C4,C5,C6,C7"
control_shuffled_signature,703493,7,0,8.0,0.0,0.0,,"C1,C2,C3,C4,C5,C6,C7"
control_shuffled_signature,705757,7,1,8.0,1.0,0.125,C2,"C1,C3,C4,C5,C6,C7"
control_shuffled_signature,705758,7,2,8.0,2.0,0.25,"C1,C2","C3,C4,C5,C6,C7"
control_shuffled_signature,705803,7,2,8.0,2.0,0.25,"C2,C5","C1,C3,C4,C6,C7"
control_shuffled_signature,705859,7,1,8.0,1.0,0.125,C3,"C1,C2,C4,C5,C6,C7"
control_shuffled_signature,711547,6,1,7.0,1.0,0.14285714285714285,C3,"C1,C2,C4,C6,C7"
control_shuffled_signature,711560,3,2,3.0,2.0,0.6666666666666666,"C3,C4",C6
