"","B","NK","CD4T","CD8T","Mono","Neutro","Eosino"
"TCGA-14-1402-02",0,0.0926401658304571,0.133553515436753,0,0.642684848110709,0,0.131121470622081
"TCGA-06-0152-01",0.0481916766879482,0.17979472059577,0.0651397507350572,0,0.651608121013051,0,0.0552657309681735
"TCGA-19-5950-01",0.0395313966314699,0.0780186294392982,0.0477030154850739,0,0.680121848866806,0,0.154625109577352
"TCGA-06-5413-01",0,0.0566050398840053,0.265925256879823,0,0.540203100670189,0,0.137266602565983
"TCGA-19-5954-01",0,0.232985844166695,0.0948718210203266,0,0.560931592026139,0,0.111210742786839
"TCGA-76-6283-01",0.122722103715568,0.0134150109290939,0.00306222577014562,0.183243296360541,0.475611631732529,0,0.201945731492122
"TCGA-06-5408-01",0,0.106204556720018,0.170585817126801,0,0.536447779026939,0,0.186761847126242
"TCGA-19-A6J4-01",0.0105067559133799,0.06918890593277,0.19309157461159,0,0.646516859105225,0,0.0806959044370348
"TCGA-06-5856-01",0.0699522328947554,0.147374185698366,0.109730544741753,0,0.527824019374443,0,0.145119017290682
"TCGA-32-1980-01",0,0.0814791890652943,0.145746295009955,0,0.630711571207271,0,0.14206294471748
"TCGA-14-0862-01",0,0,0,0,0.983968044489124,0,0.0160319555108756
"TCGA-14-1402-01",0,0.136420563645082,0.144689349046225,0,0.644537046324984,0,0.0743530409837095
"TCGA-76-6282-01",0.0338780771360607,0.148312830711768,0.171313253981719,0,0.613340968799093,0,0.0331548693713586
"TCGA-06-A5U1-01",0.0753582050122967,0.0532884833617854,0.121465740965717,0,0.599155531491913,0,0.150732039168288
"TCGA-RR-A6KB-01",0.0574627059497709,0.0799293624758562,0.171217602546,0,0.486868152154809,0,0.204522176873564
"TCGA-06-0152-02",0,0.102189108741953,0.220072571010582,0,0.505824894428535,0,0.171913425818929
"TCGA-76-6286-01",0,0.152933708369958,0,0,0.592027858131405,0,0.255038433498637
"TCGA-76-6664-01",0.00353673111623935,0.0939263123463567,0.142270574200392,0,0.625791051790858,0,0.134475330546154
"TCGA-19-0957-02",0.0319711537973391,0.129683935240014,0.201279454535595,0,0.509446172579968,0,0.127619283847084
"TCGA-74-6577-01",0,0.207205214968875,0.19325996590902,0,0.522477272136228,0,0.0770575469858765
"TCGA-76-6193-01",0.0295593777754479,0.0880662604888134,0.134777216316,0,0.603293177503899,0,0.14430396791584
"TCGA-06-5859-01",0.104917170943938,0.0232266645570012,0,0.150567611034339,0.641884414009049,0,0.0794041394556727
"TCGA-87-5896-01",0,0.228888992132838,0.372930546553224,0,0.297167165318868,0,0.101013295995071
"TCGA-06-5411-01",0.0474004057411935,0.0884523077144927,0.110522685309415,0,0.503834888702929,0,0.24978971253197
"TCGA-14-0740-01",0.14704409557207,0.0203530443291157,0.0286131509938661,0.224611082501969,0.455983283233689,0,0.12339534336929
"TCGA-14-1450-01",0.00278165652851143,0.15105133658598,0.164339658800787,0,0.667451575562378,0,0.0143757725223423
"TCGA-76-6657-01",0,0.0752015710088802,0.114772742918456,0,0.719975138083828,0,0.0900505479888356
"TCGA-06-AABW-11",0,0.0410178631015861,0.174143973165416,0,0.500123659824041,0,0.284714503908957
"TCGA-06-6391-01",0.0512912207998416,0.0226735063854387,0.231879323341619,0,0.44161573327883,0,0.25254021619427
"TCGA-76-6662-01",0.0139576714000632,0.00767108985588606,0.0475306046798,0.00909838083334526,0.434241091819357,0.487501161411549,0
"TCGA-06-6701-01",0.130681033125814,0.0625869654867446,0.169186720779087,0,0.442593474967101,0,0.194951805641254
"TCGA-14-0736-01",0.0400688408399677,0.145622024088643,0.139898768671514,0,0.625270214375987,0,0.0491401520238875
"TCGA-74-6573-01",0,0.125218663961262,0,0.0321789349271026,0.785269457826039,0,0.0573329432855964
"TCGA-19-5955-01",0.0150339538929957,0.122339188975626,0.129424115643115,0,0.619035743164794,0,0.114166998323469
"TCGA-76-6656-01",0,0.0430685079260109,0.111887598987084,0,0.744568520150999,0,0.100475372935905
"TCGA-06-A5U0-01",0.222810589318451,0.00251942597494295,0.28839233290781,0,0.345205472825874,0,0.141072178972922
"TCGA-74-6584-01",0.0830233776649613,0.0946273213748072,0.101334379948217,0,0.480456010400834,0,0.24055891061118
"TCGA-06-1804-01",0.0297693696904007,0,0.199015160910703,0,0.615460639980421,0,0.155754829418475
"TCGA-19-5952-01",0.00279561855158235,0.162587576528206,0.132012748361193,0,0.624314520837028,0,0.0782895357219902
"TCGA-19-A6J5-01",0.0652728396284593,0,0,0.240206527267028,0.418176046780736,0,0.276344586323776
"TCGA-06-6697-01",0.000721765692697807,0.00773030469794992,0.0870076796555751,0,0.868406601987813,0,0.0361336479659639
"TCGA-RR-A6KA-01",0.096128380536584,0.00873998388293092,0.170000902443926,0.0430400666010382,0.491157842202236,0,0.190932824333285
"TCGA-06-6388-01",0.135766968928509,0.13290592238328,0.13146018935105,0,0.460418118045438,0,0.139448801291722
"TCGA-19-5953-01",0.0628089433948259,0.0499756190747159,0.154377137448537,0,0.588256535064516,0,0.144581765017405
"TCGA-19-5958-01",0.0505134943287445,0.0653246848153271,0.181341810672229,0,0.618271010985981,0,0.0845489991977175
"TCGA-19-1389-01",0.0337974635706218,0.0735894554355779,0.112579260212186,0,0.684602215113561,0,0.0954316056680531
"TCGA-41-6646-01",0,0.0149800958594606,0,0,0.855287631960038,0,0.129732272180501
"TCGA-28-5211-01",0,0.104661460369549,0.0368683109191666,0,0.370452431402277,0.488017797309007,0
"TCGA-76-6663-01",0.1242571200493,0.0840040442157541,0.221494238863152,0,0.44874363499822,0,0.121500961873574
"TCGA-76-6660-01",0,0.0285282515314385,0.0407914787911199,0,0.686075481333437,0,0.244604788344004
"TCGA-06-5410-01",0.0046175968726374,0,0.0139555711975686,0,0.526253969709049,0.455172862220745,0
"TCGA-26-6173-01",0.0402315903060256,0.121400816544883,0.153343632149843,0,0.599749801244695,0,0.0852741597545533
"TCGA-19-5956-01",0,0,0.157253448559297,0,0.518546619196968,0,0.324199932243735
"TCGA-76-6285-01",0.00275456188298651,0.069948879692997,0.0678165739978562,0,0.614194510160288,0,0.245285474265872
"TCGA-14-1043-01",0.0532259863875775,0.0637153606392029,0.129806690009347,0,0.623334806496042,0,0.129917156467831
"TCGA-14-1034-02",0,0.326318647274645,0.128869168873716,0,0.521763421298949,0,0.0230487625526895
"TCGA-06-6698-01",0.0126334948399597,0.0422005074304268,0.159215836589106,0,0.785950161140507,0,0
"TCGA-76-6191-01",0.0423194030999491,0.159380509227844,0.143488876141927,0,0.496493086593455,0,0.158318124936825
"TCGA-81-5911-01",0.00953210049257765,0.145808173273679,0.181199796338524,0,0.601144897025487,0,0.0623150328697322
"TCGA-06-6695-01",0.0240129741467131,0.0707090774464439,0,0,0.735267511134161,0,0.170010437272682
"TCGA-06-6390-01",0.145145941505754,0,0.147780087495421,0,0.689467355868007,0,0.0176066151308179
"TCGA-19-5947-01",0,0,0.0624018221266701,0,0.93759817787333,0,0
"TCGA-06-6700-01",0.0136899462191113,0.0771706190155192,0.202938403395828,0,0.540897350406073,0,0.165303680963468
"TCGA-06-6694-01",0.0367075129443647,0.172608353840004,0.136538037697381,0,0.481947385015992,0,0.172198710502258
"TCGA-28-2501-01",0,0.0563925978426582,0.149379668023655,0,0.646659260198305,0,0.147568473935382
"TCGA-28-2510-01",0.0138159230346548,0.155934064165613,0.234949594874669,0,0.452487198866924,0,0.142813219058139
"TCGA-06-6699-01",0.0610566586523959,0.00409311061052859,0.247763497835431,0,0.55371401719628,0,0.133372715705365
"TCGA-19-5959-01",0,0,0.0206584728549208,0,0.80100393218983,0,0.178337594955249
"TCGA-06-1806-01",0.0703305639780158,0.0890043011028544,0.194448401399409,0,0.577873052997186,0,0.0683436805225355
"TCGA-06-0650-01",0.0578410591048471,0.0712696204064046,0.092110557719102,0,0.63784139193682,0,0.140937370832826
"TCGA-76-6661-01",0,0.218319683863295,0.172929430160562,0,0.551537725868109,0,0.057213160108034
"TCGA-19-5960-01",0,0,0.119732022976107,0,0.499326559696267,0,0.380941417327626
"TCGA-74-6581-01",0.00623028989219265,0,0.0115537564671969,0,0.788008044801415,0,0.194207908839195
"TCGA-19-5951-01",0,0.128818369547199,0.0709203180500897,0,0.552162161842366,0,0.248099150560345
"TCGA-74-6575-01",0.0446814190270317,0.154992738320435,0.13709916562369,0,0.566290339830574,0,0.0969363371982695
"TCGA-26-1442-01",0.112407460935543,0.111175191936013,0.228945689313499,0,0.42903905612475,0,0.118432601690194
"TCGA-74-6573-11",0,0.00471572952859924,0.0239097283070394,0,0.730664445968025,0,0.240710096196336
"TCGA-06-5858-01",0,0.00379022544917145,0.184622035158592,0,0.743312851467659,0,0.068274887924577
"TCGA-41-5651-01",0.0492385848136508,0.104377333676742,0,0.202029213923369,0.410624003407082,0,0.233730864179157
"TCGA-76-6192-01",0.0231157563108413,0.135878199131795,0.0837564814117903,0,0.632675110131548,0,0.124574453014026
"TCGA-19-1389-02",0,0.0432603356669553,0.0701428437414171,0,0.886596820591628,0,0
"TCGA-28-6450-01",0.00401829599978197,0.0479132418812,0.112824675711336,0,0.655358946519956,0,0.179884839887726
"TCGA-14-0781-01",0,0.0311493277044079,0.106532318391724,0,0.390636035007167,0.471682318896702,0
"TCGA-32-1979-01",0,0.0928283733957883,0.0257127946881041,0,0.677471602649476,0,0.203987229266631
"TCGA-06-A6S1-01",0.0937274246055595,0.116318729356631,0.107934336242563,0,0.532430939656624,0,0.149588570138623
"TCGA-OX-A56R-01",0.0858952259270511,0.137336370857624,0.267308698777514,0,0.509459704437811,0,0
"TCGA-15-1444-01",0.0882364112118985,0.0659643218963298,0.162333283471992,0,0.450699872453283,0,0.232766110966497
"TCGA-74-6578-01",0,0.044288307475703,0.0959138817754686,0,0.698430633115674,0,0.161367177633155
"TCGA-06-6693-01",0.0145334823232538,0.147641121340998,0.154857696489074,0,0.533952032163565,0,0.149015667683109
"TCGA-19-A60I-01",0,0.185470796751518,0.138878772778774,0,0.546260859982986,0,0.129389570486722
"TCGA-06-6389-01",0.0789030328326638,0.0111557717049239,0.178690179133404,0,0.50417901249311,0,0.227072003835898
"TCGA-06-5412-01",0.0350355830057846,0.0593729587446933,0.0644597864662768,0,0.562919859161251,0.278211812621995,0
"TCGA-19-0957-01",0.0747059420982309,0.0538145662765329,0.112765236813071,0,0.601073433390966,0,0.157640821421199
"TCGA-06-A6S0-01",0,0.136429532444708,0.162240922966777,0,0.553985810573051,0,0.147343734015464
"TCGA-RR-A6KC-01",0,0.0884147254880906,0.105266288959836,0,0.621144478000781,0,0.185174507551292
"TCGA-14-1395-01",0.0140755316178763,0.189506947073478,0.147345135547677,0,0.494757991985923,0,0.154314393775046
"TCGA-14-0736-02",0.059254180855116,0.0998883044921833,0.141673714945371,0,0.631771052220187,0,0.0674127474871426
"TCGA-81-5910-01",0.0549288640426178,0.213809416096742,0.203655606745489,0,0.454971772523861,0,0.0726343405912897
"TCGA-26-6174-01",0.0146224207858158,0.169408901333693,0.194286748259558,0,0.478930496000182,0,0.142751433620751
"TCGA-76-6280-01",0,0.107919116486834,0.0398983765374798,0,0.852182506975687,0,0
"TCGA-32-5222-01",0,0.0434855949137508,0.0303471236027142,0,0.681468486430448,0,0.244698795053087
"TCGA-28-5213-01",0,0.0588008586678012,0.0115357070524913,0,0.608892340808284,0.320771093471423,0
"TCGA-06-0210-02",0.0400633989857923,0,0.0805226264769178,0.0800035208909957,0.582121282796868,0,0.217289170849427
"TCGA-06-0221-02",0.0360617127432071,0.131367698211994,0.106379912270374,0,0.494663425076697,0,0.231527251697728
"TCGA-06-0210-01",0,0,0.140492620563502,0.0184579819038697,0.659387895850467,0,0.181661501682162
"TCGA-4W-AA9R-01",0.00532519729571647,0.122772920373726,0.134628400603801,0,0.56399604099042,0,0.173277440736336
"TCGA-76-4925-01",0,0.25289840428129,0.100955531998728,0,0.556456877223496,0,0.089689186496486
"TCGA-06-0211-02",0.0093072256163621,0.16770987434204,0.0902045329857847,0,0.607828542372575,0,0.124949824683239
"TCGA-26-5135-01",0.0553729211294907,0.208842056091466,0.263405693324897,0,0.337839696726129,0,0.134539632728017
"TCGA-06-0211-01",0,0.136356901502948,0.0431027533275061,0,0.759099496148834,0,0.061440849020712
"TCGA-26-A7UX-01",0.0880977086240345,0.00851374587635299,0.0706546997979656,0.124474629410726,0.559091506986211,0,0.14916770930471
"TCGA-06-5414-01",0,0.254489915909242,0.0418686744184954,0,0.658461885448885,0,0.0451795242233775
"TCGA-06-0190-02",0,0.0379770576931328,0.0219626174709483,0,0.617310735815419,0.3227495890205,0
"TCGA-06-0125-01",0.063680371691187,0.0159664265849886,0.0217098242429292,0,0.639015560769213,0,0.259627816711682
"TCGA-76-4934-01",0,0.220970426942523,0.273731685529064,0,0.314816223808537,0,0.190481663719877
"TCGA-19-4065-02",0,0.20825423020546,0.0235260149931683,0,0.718449558591243,0,0.0497701962101281
"TCGA-28-5208-01",0.00355333983423916,0.063389712020689,0.198345430096529,0,0.540637911145068,0,0.194073606903475
"TCGA-76-4935-01",0.0130110002451251,0.305127843252994,0.145675951993514,0,0.375400174567522,0,0.160785029940845
"TCGA-06-0171-02",0.0165594249416054,0.063238433787724,0.0878667534679563,0,0.664252838993666,0.154193790062302,0.0138887587467457
"TCGA-12-5295-01",0,0,0,0.196784976698094,0.671280605904561,0,0.131934417397344
"TCGA-28-5214-01",0.0086007432635928,0.090372983250118,0.0373774135138396,0,0.694213703492752,0,0.169435156479697
"TCGA-28-5219-01",0.00245437948444584,0.180689205703354,0.15175749599093,0,0.488681142675736,0,0.176417776145535
"TCGA-12-5301-01",0,0.186686910020621,0.0339678849601369,0,0.599366394268286,0,0.179978810750956
"TCGA-4W-AA9T-01",0,0.16138948998346,0.15431027985699,0,0.659874955451638,0,0.0244252747079125
"TCGA-06-0190-01",0,0.0496924771011803,0.11382023243355,0,0.83648729046527,0,0
"TCGA-06-A7TL-01",0.17383427167465,0.00526366842901318,0.206277091792475,0,0.490809455547605,0,0.123815512556257
"TCGA-28-5215-01",0.0438159636815832,0.140957081312018,0.150884446585366,0,0.518341258688603,0,0.14600124973243
"TCGA-06-5416-01",0.0738597332262261,0.0454327223294146,0.249966309595948,0,0.471134825850634,0,0.159606408997777
"TCGA-76-4932-01",0,0.216118472782397,0.195350139931617,0,0.470221439242661,0,0.118309948043325
"TCGA-06-A7TK-01",0.0496481988496223,0.170067976274938,0.165240894052985,0,0.485213702570845,0,0.12982922825161
"TCGA-28-5204-01",0,0.162796599138416,0.11940476032807,0,0.565236678591284,0,0.15256196194223
"TCGA-26-5136-01",0.111379110692866,0.141660421288386,0.119816529252539,0,0.440520797410029,0,0.18662314135618
"TCGA-06-5417-01",0.0328114488231239,0,0.112077023803658,0.212590531066957,0.296414340466956,0,0.346106655839304
"TCGA-26-5132-01",0,0.229436152732836,0.148311280228078,0,0.407403926093409,0,0.214848640945677
"TCGA-12-5299-01",0,0.239382353604564,0.132290620216296,0,0.49675020673594,0,0.1315768194432
"TCGA-19-4065-01",0,0.0711812338683499,0.142300768811768,0,0.627756855228828,0,0.158761142091053
"TCGA-28-5218-01",0,0,0.132527872168245,0,0.8244435376866,0,0.0430285901451547
"TCGA-76-4931-01",0,0.1766190202469,0.188655647976243,0,0.530895145173793,0,0.103830186603065
"TCGA-28-5216-01",0,0.206381402635529,0.2015835710831,0,0.408902110672031,0,0.18313291560934
"TCGA-06-0125-02",0.0619231370486117,0.0643948051866311,0.096600889305575,0,0.648584939782469,0,0.128496228676714
"TCGA-4W-AA9S-01",0,0.073561869956004,0.0950764358680409,0,0.735993881573704,0,0.0953678126022511
"TCGA-76-4927-01",0.0554277334368797,0.129551154182709,0.119386989868837,0,0.5083792224696,0,0.187254900041975
"TCGA-28-5209-01",0,0.0124578900779451,0.0634728542521497,0,0.677463995924747,0,0.246605259745158
"TCGA-06-5418-01",0.0114886326320383,0.103984596044384,0.03584634979477,0,0.6248396914616,0,0.223840730067208
"TCGA-76-4929-01",0.0313039473089861,0.183260128857652,0.197890934642673,0,0.479132605708448,0,0.108412383482242
"TCGA-26-5139-01",0,0.171636680793532,0.325747116306669,0,0.381912252315486,0,0.120703950584313
"TCGA-28-5207-01",0.142664510184734,0.148487538714297,0.103387089635202,0,0.529177477159441,0,0.0762833843063269
"TCGA-76-4926-01",0,0.0878006081135929,0.152065913761669,0,0.65367692617121,0,0.106456551953527
"TCGA-26-5134-01",0.0621032659099827,0,0.137435461759038,0.0179685877077906,0.475213629581905,0,0.307279055041283
"TCGA-06-0171-01",0,0.13024024113818,0.00765865512146711,0,0.730111431464923,0,0.13198967227543
"TCGA-06-0221-01",0.111897847263249,0.0933570060394032,0.131342243595333,0.0262622120666045,0.39321952099177,0,0.243921170043641
"TCGA-28-5220-01",0.0831335561518886,0.00764405044157161,0,0.0186907288302941,0.796845021414512,0,0.0936866431617339
"TCGA-76-4928-01",0,0.0977243242715286,0.0428262111188851,0,0.428342782516534,0.431106682093053,0
"TCGA-06-5415-01",0,0.27993797115137,0.187607823745782,0,0.461428547330352,0,0.0710256577724962
"TCGA-26-5133-01",0,0,0,0.0365622581198683,0.775180355954291,0,0.188257385925841
