,Tumor,Macrophage_Microglia,T_cell,NK_cell,B_cell,Endothelial,Oligodendrocyte,Astrocyte
mix00000,0.010869565217391304,0.9326086956521739,0.05652173913043478,0.0,0.0,0.0,0.0,0.0
mix00001,0.6580882352941176,0.27941176470588236,0.022058823529411766,0.04044117647058824,0.0,0.0,0.0,0.0
mix00002,0.37613019891500904,0.003616636528028933,0.0,0.15732368896925858,0.09584086799276673,0.0,0.09764918625678119,0.2694394213381555
mix00003,0.08395061728395062,0.5654320987654321,0.3506172839506173,0.0,0.0,0.0,0.0,0.0
mix00004,0.4491758241758242,0.29120879120879123,0.0,0.0,0.0,0.21016483516483517,0.04120879120879121,0.008241758241758242
mix00005,0.4411764705882353,0.23529411764705882,0.3235294117647059,0.0,0.0,0.0,0.0,0.0
mix00006,0.7716216216216216,0.21351351351351353,0.014864864864864866,0.0,0.0,0.0,0.0,0.0
mix00007,0.047619047619047616,0.08020050125313283,0.012531328320802004,0.0,0.0,0.02506265664160401,0.8345864661654135,0.0
mix00008,0.2222222222222222,0.05895691609977324,0.024943310657596373,0.011337868480725623,0.0,0.036281179138321996,0.6462585034013606,0.0
mix00009,0.21084337349397592,0.0783132530120482,0.0,0.006024096385542169,0.0,0.015060240963855422,0.4036144578313253,0.286144578313253
mix00010,0.01867572156196944,0.0865874363327674,0.7572156196943973,0.13752122241086587,0.0,0.0,0.0,0.0
mix00011,0.5890151515151515,0.3693181818181818,0.001893939393939394,0.0,0.0,0.0,0.015151515151515152,0.02462121212121212
mix00012,0.03617571059431524,0.5400516795865633,0.1524547803617571,0.06459948320413436,0.0,0.07493540051679587,0.13178294573643412,0.0
mix00013,0.3346153846153846,0.6615384615384615,0.0038461538461538464,0.0,0.0,0.0,0.0,0.0
mix00014,0.0,0.941908713692946,0.0,0.058091286307053944,0.0,0.0,0.0,0.0
mix00015,0.19462025316455697,0.012658227848101266,0.0189873417721519,0.21360759493670886,0.5395569620253164,0.0,0.020569620253164556,0.0
mix00016,0.4397590361445783,0.26706827309236947,0.06224899598393574,0.0,0.0,0.04417670682730924,0.18674698795180722,0.0
mix00017,0.0,0.515748031496063,0.44881889763779526,0.0,0.0,0.0,0.03543307086614173,0.0
mix00018,0.9838709677419355,0.0,0.016129032258064516,0.0,0.0,0.0,0.0,0.0
mix00019,0.38461538461538464,0.25328330206378985,0.0,0.0,0.0,0.028142589118198873,0.2626641651031895,0.07129455909943715
mix00020,0.08040201005025126,0.22110552763819097,0.1658291457286432,0.20100502512562815,0.3316582914572864,0.0,0.0,0.0
mix00021,0.5574468085106383,0.07659574468085106,0.11914893617021277,0.24680851063829787,0.0,0.0,0.0,0.0
mix00022,0.5446428571428571,0.25297619047619047,0.020833333333333332,0.0,0.0,0.0,0.18154761904761904,0.0
mix00023,0.1344,0.0,0.1968,0.1408,0.0,0.112,0.416,0.0
mix00024,0.5394990366088632,0.2947976878612717,0.015414258188824663,0.0019267822736030828,0.0,0.07321772639691715,0.07514450867052024,0.0
mix00025,0.2647058823529412,0.18627450980392157,0.008169934640522876,0.3333333333333333,0.08660130718954248,0.0,0.12091503267973856,0.0
mix00026,0.5698924731182796,0.34408602150537637,0.025089605734767026,0.0,0.025089605734767026,0.0,0.035842293906810034,0.0
mix00027,0.5721649484536082,0.3711340206185567,0.05670103092783505,0.0,0.0,0.0,0.0,0.0
mix00028,0.29873772791023845,0.2861150070126227,0.0,0.30995792426367463,0.0,0.0,0.10518934081346423,0.0
mix00029,0.5657894736842105,0.0,0.09649122807017543,0.0,0.0,0.0,0.33771929824561403,0.0
mix00030,0.42086956521739133,0.18434782608695652,0.0,0.0034782608695652175,0.0,0.0,0.3026086956521739,0.08869565217391304
mix00031,0.13544668587896252,0.23054755043227665,0.011527377521613832,0.002881844380403458,0.0,0.08069164265129683,0.5389048991354467,0.0
mix00032,0.424390243902439,0.16829268292682928,0.007317073170731708,0.00975609756097561,0.0,0.32195121951219513,0.06829268292682927,0.0
mix00033,0.6102756892230576,0.3182957393483709,0.03634085213032581,0.0012531328320802004,0.0,0.0,0.03383458646616541,0.0
mix00034,0.5254437869822485,0.08402366863905325,0.0,0.20710059171597633,0.0,0.09467455621301775,0.04378698224852071,0.04497041420118343
mix00035,0.4614512471655329,0.18594104308390022,0.035147392290249435,0.0011337868480725624,0.0,0.3129251700680272,0.003401360544217687,0.0
mix00036,0.9555555555555556,0.0,0.040740740740740744,0.003703703703703704,0.0,0.0,0.0,0.0
mix00037,0.3744075829383886,0.4075829383886256,0.004739336492890996,0.0,0.0,0.19194312796208532,0.02132701421800948,0.0
mix00038,0.0,0.9251336898395722,0.06417112299465241,0.0106951871657754,0.0,0.0,0.0,0.0
mix00039,0.2066420664206642,0.18450184501845018,0.0036900369003690036,0.0,0.0,0.0,0.6051660516605166,0.0
mix00040,0.26916524701873934,0.151618398637138,0.13287904599659284,0.0,0.0,0.0,0.4463373083475298,0.0
mix00041,0.4247104247104247,0.10810810810810811,0.011583011583011582,0.0694980694980695,0.04633204633204633,0.2084942084942085,0.13127413127413126,0.0
mix00042,0.5849673202614379,0.26633986928104575,0.017973856209150325,0.024509803921568627,0.0,0.05718954248366013,0.049019607843137254,0.0
mix00043,0.5054945054945055,0.46153846153846156,0.03296703296703297,0.0,0.0,0.0,0.0,0.0
mix00044,0.0,0.18532818532818532,0.0,0.0,0.0,0.2084942084942085,0.15444015444015444,0.4517374517374517
mix00045,0.6658795749704841,0.22786304604486424,0.01652892561983471,0.0,0.0,0.04132231404958678,0.048406139315230225,0.0
mix00046,0.71712158808933,0.228287841191067,0.03225806451612903,0.01488833746898263,0.007444168734491315,0.0,0.0,0.0
mix00047,0.07692307692307693,0.25384615384615383,0.0,0.0038461538461538464,0.0,0.15384615384615385,0.5115384615384615,0.0
mix00048,0.3315508021390374,0.0,0.21390374331550802,0.17914438502673796,0.0,0.0,0.27540106951871657,0.0
mix00049,0.02824858757062147,0.08662900188323917,0.35969868173258,0.05273069679849341,0.0,0.2542372881355932,0.2184557438794727,0.0
mix00050,0.6105610561056105,0.28052805280528054,0.0,0.0033003300330033004,0.0,0.0,0.10561056105610561,0.0
mix00051,0.6796536796536796,0.1414141414141414,0.0,0.021645021645021644,0.046176046176046176,0.0,0.1111111111111111,0.0
mix00052,0.1522198731501057,0.4989429175475687,0.0,0.0,0.0,0.1226215644820296,0.010570824524312896,0.2156448202959831
mix00053,0.0,0.09330406147091108,0.3084522502744237,0.010976948408342482,0.24368825466520308,0.0,0.34357848518111966,0.0
mix00054,0.24497991967871485,0.04819277108433735,0.0823293172690763,0.1686746987951807,0.05220883534136546,0.20481927710843373,0.19879518072289157,0.0
mix00055,0.5833333333333334,0.3888888888888889,0.011111111111111112,0.0,0.0,0.0,0.016666666666666666,0.0
mix00056,0.4420731707317073,0.16310975609756098,0.3948170731707317,0.0,0.0,0.0,0.0,0.0
mix00057,0.6192307692307693,0.37051282051282053,0.010256410256410256,0.0,0.0,0.0,0.0,0.0
mix00058,0.7306122448979592,0.18571428571428572,0.05510204081632653,0.0,0.0,0.0,0.02857142857142857,0.0
mix00059,0.0,0.5108695652173914,0.0,0.043478260869565216,0.0,0.1,0.3456521739130435,0.0
mix00060,0.4714587737843552,0.3128964059196617,0.016913319238900635,0.0,0.012684989429175475,0.0,0.18604651162790697,0.0
mix00061,0.0,0.2481012658227848,0.08354430379746836,0.0379746835443038,0.0,0.0,0.6303797468354431,0.0
mix00062,0.6587926509186351,0.08136482939632546,0.2099737532808399,0.0,0.0,0.0,0.049868766404199474,0.0
mix00063,0.5405405405405406,0.45045045045045046,0.0,0.0,0.009009009009009009,0.0,0.0,0.0
mix00064,0.6673076923076923,0.27692307692307694,0.013461538461538462,0.0,0.0,0.0,0.04230769230769231,0.0
mix00065,0.058823529411764705,0.0,0.07352941176470588,0.8676470588235294,0.0,0.0,0.0,0.0
mix00066,0.017543859649122806,0.43859649122807015,0.0,0.4824561403508772,0.06140350877192982,0.0,0.0,0.0
mix00067,0.46440677966101696,0.26101694915254237,0.003389830508474576,0.0,0.0,0.0711864406779661,0.2,0.0
mix00068,0.0,0.9305555555555556,0.041666666666666664,0.013888888888888888,0.013888888888888888,0.0,0.0,0.0
mix00069,0.1624087591240876,0.16058394160583941,0.01824817518248175,0.0,0.0,0.0,0.6587591240875912,0.0
mix00070,0.26558891454965355,0.6766743648960739,0.004618937644341801,0.0,0.0,0.016166281755196306,0.0023094688221709007,0.03464203233256351
mix00071,0.6324110671936759,0.1541501976284585,0.015810276679841896,0.0,0.0,0.0,0.1976284584980237,0.0
mix00072,0.0,0.9714285714285714,0.02857142857142857,0.0,0.0,0.0,0.0,0.0
mix00073,0.1105121293800539,0.14016172506738545,0.009433962264150943,0.0,0.0,0.0,0.7398921832884097,0.0
mix00074,0.1419141914191419,0.1485148514851485,0.15841584158415842,0.0594059405940594,0.0,0.07590759075907591,0.4158415841584158,0.0
mix00075,0.10681818181818181,0.15227272727272728,0.03409090909090909,0.175,0.056818181818181816,0.0,0.475,0.0
mix00076,0.39902676399026765,0.22384428223844283,0.0267639902676399,0.029197080291970802,0.0,0.019464720194647202,0.30170316301703165,0.0
mix00077,0.5769230769230769,0.3557692307692308,0.019230769230769232,0.0,0.014423076923076924,0.0,0.03365384615384615,0.0
mix00078,0.0,0.1837837837837838,0.10810810810810811,0.23243243243243245,0.4756756756756757,0.0,0.0,0.0
mix00079,0.7302904564315352,0.17842323651452283,0.0,0.0,0.0,0.01867219917012448,0.04149377593360996,0.03112033195020747
mix00080,0.0,0.08223684210526316,0.5953947368421053,0.017543859649122806,0.0,0.15350877192982457,0.1513157894736842,0.0
mix00081,0.38995215311004783,0.0,0.13157894736842105,0.4784688995215311,0.0,0.0,0.0,0.0
mix00082,0.48846153846153845,0.2064102564102564,0.001282051282051282,0.0,0.0,0.2743589743589744,0.029487179487179487,0.0
mix00083,0.4924506387921022,0.11846689895470383,0.053426248548199766,0.0,0.036004645760743324,0.22531939605110338,0.0743321718931475,0.0
mix00084,0.4501347708894879,0.0215633423180593,0.2695417789757412,0.0,0.0,0.2587601078167116,0.0,0.0
mix00085,0.4982758620689655,0.12413793103448276,0.039655172413793106,0.0034482758620689655,0.0,0.0,0.33448275862068966,0.0
mix00086,0.10493827160493827,0.0,0.8070987654320988,0.0,0.0,0.08796296296296297,0.0,0.0
mix00087,0.0,0.05246913580246913,0.3132716049382716,0.15432098765432098,0.0,0.4799382716049383,0.0,0.0
mix00088,0.0,0.5863309352517986,0.1906474820143885,0.0,0.0,0.0,0.22302158273381295,0.0
mix00089,0.2766990291262136,0.14927184466019416,0.08131067961165049,0.04004854368932039,0.0,0.42597087378640774,0.02669902912621359,0.0
mix00090,0.19262981574539365,0.006700167504187605,0.0,0.19932998324958123,0.0,0.4154103852596315,0.18592964824120603,0.0
mix00091,0.0546218487394958,0.15546218487394958,0.0,0.11974789915966387,0.26260504201680673,0.11554621848739496,0.2920168067226891,0.0
mix00092,0.0,0.37142857142857144,0.014285714285714285,0.09285714285714286,0.04642857142857143,0.0,0.475,0.0
mix00093,0.6074074074074074,0.337037037037037,0.040740740740740744,0.0,0.0,0.0,0.014814814814814815,0.0
mix00094,0.0,0.0,0.26465364120781526,0.2344582593250444,0.0,0.13143872113676733,0.369449378330373,0.0
mix00095,0.14893617021276595,0.21749408983451538,0.014184397163120567,0.0,0.0,0.014184397163120567,0.6052009456264775,0.0
mix00096,0.0,0.8727272727272727,0.030303030303030304,0.01818181818181818,0.07878787878787878,0.0,0.0,0.0
mix00097,0.2191780821917808,0.1863013698630137,0.5945205479452055,0.0,0.0,0.0,0.0,0.0
mix00098,0.0,0.0,0.0,0.43137254901960786,0.0,0.0,0.5686274509803921,0.0
mix00099,0.4354166666666667,0.30833333333333335,0.008333333333333333,0.0,0.0,0.01875,0.22916666666666666,0.0
mix00100,0.22894168466522677,0.20302375809935205,0.01511879049676026,0.0,0.0021598272138228943,0.0734341252699784,0.4773218142548596,0.0
mix00101,0.10436432637571158,0.0,0.11954459203036052,0.14990512333965844,0.0,0.29601518026565465,0.3301707779886148,0.0
mix00102,0.5708812260536399,0.2669220945083014,0.002554278416347382,0.01277139208173691,0.0,0.0421455938697318,0.08556832694763729,0.019157088122605363
mix00103,0.5742753623188406,0.10869565217391304,0.13768115942028986,0.0,0.0,0.0,0.1793478260869565,0.0
mix00104,0.0,1.0,0.0,0.0,0.0,0.0,0.0,0.0
mix00105,0.6632996632996633,0.2962962962962963,0.04040404040404041,0.0,0.0,0.0,0.0,0.0
mix00106,0.5192660550458715,0.21100917431192662,0.031192660550458717,0.0,0.0,0.20917431192660552,0.029357798165137616,0.0
mix00107,0.6757532281205165,0.25251076040172166,0.02582496413199426,0.0,0.0,0.03873744619799139,0.007173601147776184,0.0
mix00108,0.2248062015503876,0.0,0.24031007751937986,0.0,0.0,0.0,0.5348837209302325,0.0
mix00109,0.26143790849673204,0.11764705882352941,0.22440087145969498,0.0,0.0,0.22657952069716775,0.16993464052287582,0.0
mix00110,0.007481296758104738,0.0,0.0,0.0,0.0,0.7930174563591023,0.13466334164588528,0.06483790523690773
mix00111,0.13756613756613756,0.03439153439153439,0.0,0.5185185185185185,0.30952380952380953,0.0,0.0,0.0
mix00112,0.5761316872427984,0.39300411522633744,0.0,0.0,0.0,0.0,0.030864197530864196,0.0
mix00113,0.6179577464788732,0.31866197183098594,0.028169014084507043,0.0,0.0,0.017605633802816902,0.017605633802816902,0.0
mix00114,0.23371647509578544,0.7318007662835249,0.034482758620689655,0.0,0.0,0.0,0.0,0.0
mix00115,0.6111111111111112,0.3008385744234801,0.020964360587002098,0.0020964360587002098,0.005241090146750524,0.031446540880503145,0.02830188679245283,0.0
mix00116,0.0,0.21052631578947367,0.009287925696594427,0.01238390092879257,0.0,0.0,0.7678018575851393,0.0
mix00117,0.0,0.25,0.0701219512195122,0.0,0.6798780487804879,0.0,0.0,0.0
mix00118,0.44983818770226536,0.3042071197411003,0.045307443365695796,0.0,0.0,0.11650485436893204,0.08414239482200647,0.0
mix00119,0.19811320754716982,0.22012578616352202,0.014150943396226415,0.0015723270440251573,0.0,0.03773584905660377,0.5283018867924528,0.0
mix00120,0.9389140271493213,0.0,0.05429864253393665,0.006787330316742082,0.0,0.0,0.0,0.0
mix00121,0.0,0.015360983102918587,0.03225806451612903,0.4009216589861751,0.4055299539170507,0.006144393241167435,0.13978494623655913,0.0
mix00122,0.12166172106824925,0.14836795252225518,0.0,0.0,0.0,0.06231454005934718,0.6676557863501483,0.0
mix00123,0.0,0.7797356828193832,0.13215859030837004,0.0881057268722467,0.0,0.0,0.0,0.0
mix00124,0.17553191489361702,0.20212765957446807,0.005319148936170213,0.018617021276595744,0.005319148936170213,0.07446808510638298,0.5186170212765957,0.0
mix00125,0.044169611307420496,0.05653710247349823,0.3215547703180212,0.5777385159010601,0.0,0.0,0.0,0.0
mix00126,0.6992805755395683,0.2503597122302158,0.0028776978417266188,0.0,0.0,0.02877697841726619,0.01870503597122302,0.0
mix00127,0.2762557077625571,0.1461187214611872,0.00684931506849315,0.0091324200913242,0.0,0.04337899543378995,0.5182648401826484,0.0
mix00128,0.5609756097560976,0.0,0.32113821138211385,0.11788617886178862,0.0,0.0,0.0,0.0
mix00129,0.15048543689320387,0.22815533980582525,0.019417475728155338,0.007281553398058253,0.0024271844660194173,0.04611650485436893,0.5461165048543689,0.0
mix00130,0.6678082191780822,0.2808219178082192,0.017123287671232876,0.0,0.0,0.0,0.03424657534246575,0.0
mix00131,0.5551075268817204,0.3844086021505376,0.012096774193548387,0.013440860215053764,0.0013440860215053765,0.0,0.013440860215053764,0.020161290322580645
mix00132,0.5252525252525253,0.24368686868686867,0.0,0.0,0.0,0.050505050505050504,0.1388888888888889,0.041666666666666664
mix00133,0.954954954954955,0.0,0.0,0.0,0.0,0.0,0.04504504504504504,0.0
mix00134,0.009433962264150943,0.37735849056603776,0.12578616352201258,0.0,0.0,0.0,0.48742138364779874,0.0
mix00135,0.18736383442265794,0.20261437908496732,0.026143790849673203,0.0,0.0,0.0,0.5838779956427015,0.0
mix00136,0.0,0.6993769470404985,0.06230529595015576,0.2383177570093458,0.0,0.0,0.0,0.0
mix00137,0.10163339382940109,0.16333938294010888,0.0544464609800363,0.41560798548094374,0.025408348457350273,0.0,0.2395644283121597,0.0
mix00138,0.9240506329113924,0.0,0.0759493670886076,0.0,0.0,0.0,0.0,0.0
mix00139,0.08722741433021806,0.12305295950155763,0.020249221183800622,0.0,0.0,0.0,0.46105919003115264,0.308411214953271
mix00140,0.1349206349206349,0.12103174603174603,0.0,0.0,0.0,0.0,0.7440476190476191,0.0
mix00141,0.39058171745152354,0.25761772853185594,0.013850415512465374,0.0,0.0,0.12188365650969529,0.1634349030470914,0.05263157894736842
mix00142,0.09219858156028368,0.3262411347517731,0.5815602836879432,0.0,0.0,0.0,0.0,0.0
mix00143,0.5752212389380531,0.29646017699115046,0.0058997050147492625,0.0,0.0,0.061946902654867256,0.06047197640117994,0.0
mix00144,0.0,0.44171779141104295,0.06748466257668712,0.13803680981595093,0.0,0.08282208588957055,0.26993865030674846,0.0
mix00145,0.7743506493506493,0.16233766233766234,0.03896103896103896,0.0,0.0,0.0,0.024350649350649352,0.0
mix00146,0.5832376578645235,0.33639494833524686,0.003444316877152698,0.006888633754305396,0.010332950631458095,0.0,0.04133180252583238,0.018369690011481057
mix00147,0.22666666666666666,0.08296296296296296,0.24888888888888888,0.3037037037037037,0.0,0.0014814814814814814,0.1362962962962963,0.0
mix00148,0.6227848101265823,0.27848101265822783,0.07341772151898734,0.0,0.0,0.0,0.02531645569620253,0.0
mix00149,0.3050847457627119,0.2033898305084746,0.014124293785310734,0.0,0.0,0.0,0.4774011299435028,0.0
mix00150,0.0,0.7377690802348337,0.0,0.0,0.14481409001956946,0.0136986301369863,0.10371819960861056,0.0
mix00151,0.42857142857142855,0.30238095238095236,0.05238095238095238,0.05238095238095238,0.10476190476190476,0.0,0.05952380952380952,0.0
mix00152,0.0,0.17266187050359713,0.014388489208633094,0.0,0.0,0.0,0.8129496402877698,0.0
mix00153,0.21858864027538727,0.08261617900172118,0.09466437177280551,0.05163511187607573,0.5524956970740104,0.0,0.0,0.0
mix00154,0.0,0.4842105263157895,0.15789473684210525,0.0,0.0,0.35789473684210527,0.0,0.0
mix00155,0.7175572519083969,0.24427480916030533,0.01717557251908397,0.011450381679389313,0.009541984732824428,0.0,0.0,0.0
mix00156,0.0,0.37349397590361444,0.024096385542168676,0.004016064257028112,0.0,0.0,0.5983935742971888,0.0
mix00157,0.40421792618629176,0.2618629173989455,0.0,0.0,0.0,0.03163444639718805,0.3022847100175747,0.0
mix00158,0.4083333333333333,0.175,0.008333333333333333,0.0,0.002777777777777778,0.0,0.18611111111111112,0.21944444444444444
mix00159,0.3138075313807531,0.2301255230125523,0.08368200836820083,0.08786610878661087,0.0,0.0,0.2301255230125523,0.05439330543933055
mix00160,0.22486033519553073,0.08798882681564246,0.03770949720670391,0.0,0.0,0.0335195530726257,0.6159217877094972,0.0
mix00161,0.20892018779342722,0.2347417840375587,0.07746478873239436,0.0,0.13028169014084506,0.20305164319248825,0.14553990610328638,0.0
mix00162,0.06144393241167435,0.36098310291858676,0.1858678955453149,0.1228878648233487,0.0,0.09370199692780339,0.17511520737327188,0.0
mix00163,0.5567567567567567,0.25045045045045045,0.016216216216216217,0.0018018018018018018,0.0,0.09549549549549549,0.07927927927927927,0.0
mix00164,0.050080775444264945,0.3990306946688207,0.0,0.0630048465266559,0.0,0.2197092084006462,0.17932148626817448,0.0888529886914378
mix00165,0.15633423180592992,0.22911051212938005,0.22911051212938005,0.0,0.20215633423180593,0.0,0.18328840970350405,0.0
mix00166,0.12933753943217666,0.277602523659306,0.14195583596214512,0.20189274447949526,0.09779179810725552,0.0,0.15141955835962145,0.0
mix00167,0.0,0.017830609212481426,0.03714710252600297,0.8841010401188707,0.0,0.0,0.0,0.06092124814264487
mix00168,0.7058823529411765,0.14285714285714285,0.0,0.008403361344537815,0.0056022408963585435,0.0784313725490196,0.058823529411764705,0.0
mix00169,0.4809843400447427,0.12304250559284116,0.005592841163310962,0.0011185682326621924,0.0,0.3053691275167785,0.005592841163310962,0.07829977628635347
mix00170,0.26063829787234044,0.13829787234042554,0.02304964539007092,0.01950354609929078,0.0,0.10106382978723404,0.4574468085106383,0.0
mix00171,0.7463768115942029,0.15821256038647344,0.01570048309178744,0.007246376811594203,0.014492753623188406,0.0,0.057971014492753624,0.0
mix00172,0.04753820033955857,0.26485568760611206,0.0,0.15619694397283532,0.1273344651952462,0.07470288624787776,0.3293718166383701,0.0
mix00173,0.9738095238095238,0.0,0.02619047619047619,0.0,0.0,0.0,0.0,0.0
mix00174,0.5588235294117647,0.0,0.4411764705882353,0.0,0.0,0.0,0.0,0.0
mix00175,0.0,0.021917808219178082,0.8452054794520548,0.036986301369863014,0.0958904109589041,0.0,0.0,0.0
mix00176,0.49261083743842365,0.29802955665024633,0.03201970443349754,0.019704433497536946,0.0,0.017241379310344827,0.14039408866995073,0.0
mix00177,0.9263157894736842,0.0,0.0,0.0,0.0,0.07368421052631578,0.0,0.0
mix00178,0.28354430379746837,0.0,0.0,0.2582278481012658,0.024050632911392405,0.027848101265822784,0.40632911392405063,0.0
mix00179,0.3824884792626728,0.0,0.0,0.6175115207373272,0.0,0.0,0.0,0.0
mix00180,0.6060606060606061,0.0,0.30303030303030304,0.09090909090909091,0.0,0.0,0.0,0.0
mix00181,0.6203866432337434,0.29701230228471004,0.01054481546572935,0.0035149384885764497,0.0,0.0,0.033391915641476276,0.0351493848857645
mix00182,0.5738045738045738,0.3575883575883576,0.02494802494802495,0.0,0.0,0.0,0.02702702702702703,0.016632016632016633
mix00183,0.5866900175131349,0.3922942206654991,0.01926444833625219,0.0017513134851138354,0.0,0.0,0.0,0.0
mix00184,0.28619528619528617,0.026936026936026935,0.10101010101010101,0.050505050505050504,0.0,0.1447811447811448,0.39057239057239057,0.0
mix00185,0.06844106463878327,0.034220532319391636,0.11406844106463879,0.0,0.0,0.5779467680608364,0.20532319391634982,0.0
mix00186,0.5246212121212122,0.36742424242424243,0.015151515151515152,0.0,0.001893939393939394,0.0,0.09090909090909091,0.0
mix00187,0.0410958904109589,0.0547945205479452,0.24794520547945206,0.01780821917808219,0.0,0.0,0.4178082191780822,0.22054794520547946
mix00188,0.21505376344086022,0.0,0.5591397849462365,0.22580645161290322,0.0,0.0,0.0,0.0
mix00189,0.10267857142857142,0.0,0.10714285714285714,0.7901785714285714,0.0,0.0,0.0,0.0
mix00190,0.3377659574468085,0.24202127659574468,0.010638297872340425,0.0,0.026595744680851064,0.05319148936170213,0.32978723404255317,0.0
mix00191,0.1532567049808429,0.044061302681992334,0.0019157088122605363,0.019157088122605363,0.1532567049808429,0.23371647509578544,0.3946360153256705,0.0
mix00192,0.0,0.5226824457593688,0.03353057199211045,0.0019723865877712033,0.40236686390532544,0.0,0.03944773175542406,0.0
mix00193,0.1866096866096866,0.06267806267806268,0.02564102564102564,0.10256410256410256,0.2720797720797721,0.10398860398860399,0.24643874643874644,0.0
mix00194,0.0,0.5340909090909091,0.4659090909090909,0.0,0.0,0.0,0.0,0.0
mix00195,0.0,0.07346938775510205,0.16326530612244897,0.2897959183673469,0.2163265306122449,0.2571428571428571,0.0,0.0
mix00196,0.5288888888888889,0.42,0.013333333333333334,0.0,0.0,0.0,0.03777777777777778,0.0
mix00197,0.34748010610079577,0.16445623342175067,0.16710875331564987,0.005305039787798408,0.029177718832891247,0.0,0.2864721485411141,0.0
mix00198,0.5148063781321185,0.16287015945330297,0.004555808656036446,0.00683371298405467,0.0056947608200455585,0.2870159453302961,0.018223234624145785,0.0
mix00199,0.0,0.0,0.5426944971537002,0.022770398481973434,0.16698292220113853,0.23529411764705882,0.03225806451612903,0.0
mix00200,0.008547008547008548,0.08376068376068375,0.08034188034188035,0.37948717948717947,0.26324786324786326,0.0,0.18461538461538463,0.0
mix00201,0.007677543186180422,0.2072936660268714,0.0690978886756238,0.011516314779270634,0.5431861804222649,0.011516314779270634,0.14971209213051823,0.0
mix00202,0.4331983805668016,0.19230769230769232,0.08906882591093117,0.0,0.0,0.1862348178137652,0.09919028340080972,0.0
mix00203,0.6695906432748538,0.26608187134502925,0.03508771929824561,0.0029239766081871343,0.02631578947368421,0.0,0.0,0.0
mix00204,1.0,0.0,0.0,0.0,0.0,0.0,0.0,0.0
mix00205,0.6121673003802282,0.2414448669201521,0.055133079847908745,0.0,0.0,0.08365019011406843,0.0076045627376425855,0.0
mix00206,0.4165733482642777,0.5453527435610303,0.03471444568868981,0.0,0.0,0.0,0.0033594624860022394,0.0
mix00207,0.0,0.3618421052631579,0.0,0.0,0.6381578947368421,0.0,0.0,0.0
mix00208,0.4602941176470588,0.4426470588235294,0.03823529411764706,0.004411764705882353,0.0,0.033823529411764704,0.020588235294117647,0.0
mix00209,0.0,0.29714285714285715,0.14857142857142858,0.0,0.0,0.0,0.08285714285714285,0.4714285714285714
mix00210,0.21195652173913043,0.0,0.4891304347826087,0.25,0.0,0.0,0.043478260869565216,0.005434782608695652
mix00211,0.0,0.7305389221556886,0.017964071856287425,0.0718562874251497,0.0,0.0,0.17964071856287425,0.0
mix00212,0.4711729622266402,0.2783300198807157,0.009940357852882704,0.0,0.013916500994035786,0.009940357852882704,0.21669980119284293,0.0
mix00213,0.0,0.2909090909090909,0.3606060606060606,0.0,0.0,0.0,0.3484848484848485,0.0
mix00214,0.45868465430016864,0.2327150084317032,0.04215851602023609,0.0,0.0,0.0,0.13659359190556492,0.12984822934232715
mix00215,0.3120879120879121,0.11868131868131868,0.0,0.16263736263736264,0.0,0.4065934065934066,0.0,0.0
mix00216,0.4581818181818182,0.00909090909090909,0.0,0.19818181818181818,0.05272727272727273,0.0,0.2818181818181818,0.0
mix00217,0.26627906976744187,0.0,0.12209302325581395,0.5127906976744186,0.0,0.0,0.09883720930232558,0.0
mix00218,0.5299837925445705,0.4473257698541329,0.008103727714748784,0.0,0.0032414910858995136,0.0,0.011345218800648298,0.0
mix00219,0.42628205128205127,0.3974358974358974,0.05448717948717949,0.016025641025641024,0.00641025641025641,0.04807692307692308,0.05128205128205128,0.0
mix00220,0.562962962962963,0.362962962962963,0.0,0.0,0.0,0.05185185185185185,0.022222222222222223,0.0
mix00221,0.5149253731343284,0.13059701492537312,0.208955223880597,0.0,0.022388059701492536,0.0,0.022388059701492536,0.10074626865671642
mix00222,0.15879828326180256,0.1759656652360515,0.0,0.0,0.0,0.3133047210300429,0.0,0.351931330472103
mix00223,0.7017543859649122,0.17042606516290726,0.005012531328320802,0.007518796992481203,0.0,0.0,0.07769423558897243,0.03759398496240601
mix00224,0.5898004434589801,0.25277161862527714,0.028824833702882482,0.0,0.004434589800443459,0.04434589800443459,0.07982261640798226,0.0
mix00225,0.0,0.0,0.0,1.0,0.0,0.0,0.0,0.0
mix00226,0.974025974025974,0.0,0.025974025974025976,0.0,0.0,0.0,0.0,0.0
mix00227,0.0,0.8214285714285714,0.044642857142857144,0.125,0.008928571428571428,0.0,0.0,0.0
mix00228,0.11793611793611794,0.06633906633906633,0.29975429975429974,0.0,0.0,0.0,0.515970515970516,0.0
mix00229,0.4722222222222222,0.4502923976608187,0.0,0.0,0.0,0.059941520467836254,0.013157894736842105,0.0043859649122807015
mix00230,0.02795698924731183,0.27956989247311825,0.34623655913978496,0.0,0.0,0.07311827956989247,0.2731182795698925,0.0
mix00231,0.3216374269005848,0.21052631578947367,0.04532163742690058,0.0,0.005847953216374269,0.06578947368421052,0.3508771929824561,0.0
mix00232,0.0,0.5660377358490566,0.0,0.4339622641509434,0.0,0.0,0.0,0.0
mix00233,0.5668571428571428,0.4,0.021714285714285714,0.002285714285714286,0.0,0.009142857142857144,0.0,0.0
mix00234,0.0,0.21296296296296297,0.009259259259259259,0.004629629629629629,0.0,0.0,0.7731481481481481,0.0
mix00235,0.7402912621359223,0.25485436893203883,0.0024271844660194173,0.0,0.0024271844660194173,0.0,0.0,0.0
mix00236,0.056818181818181816,0.6704545454545454,0.2727272727272727,0.0,0.0,0.0,0.0,0.0
mix00237,0.6301169590643275,0.26169590643274854,0.007309941520467836,0.014619883040935672,0.0,0.0,0.07602339181286549,0.01023391812865497
mix00238,0.5379679144385027,0.34652406417112297,0.03529411764705882,0.012834224598930482,0.009625668449197862,0.0,0.03636363636363636,0.0213903743315508
mix00239,0.17613636363636365,0.18181818181818182,0.005681818181818182,0.0,0.001893939393939394,0.01893939393939394,0.615530303030303,0.0
mix00240,0.6078914919852034,0.33415536374845867,0.02836004932182491,0.0,0.0,0.0,0.029593094944512947,0.0
mix00241,0.21348314606741572,0.0,0.38202247191011235,0.4044943820224719,0.0,0.0,0.0,0.0
mix00242,0.4559386973180077,0.524904214559387,0.0,0.0,0.0,0.0,0.019157088122605363,0.0
mix00243,0.44511278195488724,0.4030075187969925,0.019548872180451128,0.021052631578947368,0.0,0.06466165413533835,0.0015037593984962407,0.045112781954887216
mix00244,0.028070175438596492,0.2631578947368421,0.5017543859649123,0.0,0.0,0.20701754385964913,0.0,0.0
mix00245,0.39855072463768115,0.05555555555555555,0.24396135265700483,0.0,0.0,0.026570048309178744,0.2753623188405797,0.0
mix00246,0.41626794258373206,0.24401913875598086,0.03349282296650718,0.0023923444976076554,0.0,0.3014354066985646,0.0023923444976076554,0.0
mix00247,0.16941529235382308,0.19640179910044978,0.0239880059970015,0.0,0.0074962518740629685,0.0,0.34782608695652173,0.25487256371814093
mix00248,0.0,0.09865470852017937,0.0,0.7892376681614349,0.0,0.0,0.11210762331838565,0.0
mix00249,0.0,0.0,0.7147058823529412,0.052941176470588235,0.0,0.0,0.2323529411764706,0.0
mix00250,0.0,1.0,0.0,0.0,0.0,0.0,0.0,0.0
mix00251,0.08716323296354993,0.19968304278922344,0.0,0.022187004754358162,0.0,0.0,0.6909667194928685,0.0
mix00252,0.2532588454376164,0.06890130353817504,0.01675977653631285,0.0111731843575419,0.0,0.0,0.3947858472998138,0.25512104283054005
mix00253,0.5035460992907801,0.25177304964539005,0.13120567375886524,0.0,0.0,0.0,0.11347517730496454,0.0
mix00254,0.340632603406326,0.30170316301703165,0.0,0.18248175182481752,0.0,0.019464720194647202,0.15571776155717762,0.0
mix00255,0.0,0.7479224376731302,0.060941828254847646,0.19113573407202217,0.0,0.0,0.0,0.0
mix00256,0.0,0.19797979797979798,0.0,0.10909090909090909,0.024242424242424242,0.0,0.6686868686868687,0.0
mix00257,0.6002076843198338,0.3655244029075805,0.0010384215991692627,0.006230529595015576,0.0010384215991692627,0.0,0.02596053997923157,0.0
mix00258,0.26463104325699743,0.10941475826972011,0.0,0.0,0.0,0.08396946564885496,0.5419847328244275,0.0
mix00259,0.33796296296296297,0.10493827160493827,0.0,0.33641975308641975,0.0,0.0030864197530864196,0.17746913580246915,0.040123456790123455
mix00260,0.46866840731070497,0.4177545691906005,0.031331592689295036,0.015665796344647518,0.0,0.020887728459530026,0.04569190600522193,0.0
mix00261,0.0,0.12631578947368421,0.4052631578947368,0.1,0.010526315789473684,0.23157894736842105,0.12631578947368421,0.0
mix00262,0.0,0.15135135135135136,0.010810810810810811,0.1891891891891892,0.0,0.3567567567567568,0.0972972972972973,0.1945945945945946
mix00263,0.18974358974358974,0.27863247863247864,0.37094017094017095,0.0,0.018803418803418803,0.0,0.046153846153846156,0.09572649572649573
mix00264,0.0984251968503937,0.02952755905511811,0.20866141732283464,0.03937007874015748,0.025590551181102362,0.2440944881889764,0.3543307086614173,0.0
mix00265,0.335559265442404,0.045075125208681135,0.09849749582637729,0.39398998330550916,0.045075125208681135,0.05008347245409015,0.03171953255425709,0.0
mix00266,0.5147368421052632,0.24421052631578946,0.022105263157894735,0.0,0.0,0.21789473684210525,0.0010526315789473684,0.0
mix00267,0.6088560885608856,0.2952029520295203,0.05166051660516605,0.0036900369003690036,0.007380073800738007,0.0,0.025830258302583026,0.007380073800738007
mix00268,0.1704697986577181,0.0,0.053691275167785234,0.45234899328859063,0.1342281879194631,0.0,0.18926174496644296,0.0
mix00269,0.5663900414937759,0.39107883817427386,0.0,0.0,0.0,0.004149377593360996,0.024896265560165973,0.013485477178423237
mix00270,0.19181034482758622,0.46120689655172414,0.0,0.07758620689655173,0.0,0.0,0.26939655172413796,0.0
mix00271,0.6317991631799164,0.26569037656903766,0.0020920502092050207,0.02301255230125523,0.008368200836820083,0.05439330543933055,0.014644351464435146,0.0
mix00272,0.0,0.10416666666666667,0.3020833333333333,0.0,0.0,0.0,0.59375,0.0
mix00273,0.13855421686746988,0.13253012048192772,0.002008032128514056,0.002008032128514056,0.0,0.05220883534136546,0.6726907630522089,0.0
mix00274,0.6143617021276596,0.23803191489361702,0.003989361702127659,0.011968085106382979,0.0,0.1196808510638298,0.011968085106382979,0.0
mix00275,0.0,0.020718232044198894,0.16574585635359115,0.11602209944751381,0.2085635359116022,0.18370165745856354,0.3052486187845304,0.0
mix00276,0.13594040968342644,0.12290502793296089,0.0111731843575419,0.0,0.0,0.0670391061452514,0.4338919925512104,0.22905027932960895
mix00277,0.5459183673469388,0.1556122448979592,0.0012755102040816326,0.0012755102040816326,0.0,0.0,0.20918367346938777,0.08673469387755102
mix00278,0.6526946107784432,0.0,0.0,0.0,0.0,0.3473053892215569,0.0,0.0
mix00279,0.4956268221574344,0.05830903790087463,0.446064139941691,0.0,0.0,0.0,0.0,0.0
mix00280,0.5412026726057907,0.30957683741648107,0.0,0.0,0.0,0.10244988864142539,0.044543429844097995,0.0022271714922048997
mix00281,0.4872611464968153,0.21337579617834396,0.0021231422505307855,0.020169851380042462,0.0,0.26963906581740976,0.0074309978768577496,0.0
mix00282,0.10576923076923077,0.5068681318681318,0.0,0.28296703296703296,0.0,0.1043956043956044,0.0,0.0
mix00283,0.6417624521072797,0.32567049808429116,0.017241379310344827,0.01532567049808429,0.0,0.0,0.0,0.0
mix00284,0.2797427652733119,0.0,0.3183279742765273,0.09003215434083602,0.1157556270096463,0.0,0.19614147909967847,0.0
mix00285,0.004573170731707317,0.2926829268292683,0.32926829268292684,0.0,0.0,0.0,0.37347560975609756,0.0
mix00286,0.4130879345603272,0.2556237218813906,0.17791411042944785,0.028629856850715747,0.03680981595092025,0.08384458077709611,0.00408997955010225,0.0
mix00287,0.1618075801749271,0.3206997084548105,0.3673469387755102,0.0029154518950437317,0.0,0.09766763848396501,0.04956268221574344,0.0
mix00288,0.0,0.07051282051282051,0.9294871794871795,0.0,0.0,0.0,0.0,0.0
mix00289,0.09940357852882704,0.32007952286282304,0.1411530815109344,0.16302186878727634,0.0,0.061630218687872766,0.07157057654075547,0.14314115308151093
mix00290,0.12921348314606743,0.008426966292134831,0.6629213483146067,0.0,0.0,0.0,0.199438202247191,0.0
mix00291,0.15605095541401273,0.16878980891719744,0.1178343949044586,0.42038216560509556,0.08917197452229299,0.0,0.04777070063694268,0.0
mix00292,0.5865580448065173,0.15071283095723015,0.06517311608961303,0.014256619144602852,0.008146639511201629,0.11812627291242363,0.05702647657841141,0.0
mix00293,0.0451527224435591,0.10225763612217796,0.2749003984063745,0.06905710491367861,0.0,0.15139442231075698,0.35723771580345287,0.0
mix00294,0.45617977528089887,0.09325842696629214,0.025842696629213482,0.0022471910112359553,0.016853932584269662,0.3865168539325843,0.019101123595505618,0.0
mix00295,0.4958263772954925,0.2287145242070117,0.011686143572621035,0.00667779632721202,0.008347245409015025,0.2387312186978297,0.01001669449081803,0.0
mix00296,0.2996742671009772,0.5146579804560261,0.016286644951140065,0.0,0.013029315960912053,0.0,0.11074918566775244,0.04560260586319218
mix00297,0.7207392197125256,0.26078028747433263,0.014373716632443531,0.002053388090349076,0.002053388090349076,0.0,0.0,0.0
mix00298,0.0,0.0,0.0,1.0,0.0,0.0,0.0,0.0
mix00299,0.0,0.6251468860164512,0.09753231492361927,0.21269095182138661,0.0,0.06462984723854288,0.0,0.0
mix00300,0.0,0.0784313725490196,0.6470588235294118,0.27450980392156865,0.0,0.0,0.0,0.0
mix00301,0.314070351758794,0.05527638190954774,0.16331658291457288,0.04522613065326633,0.4221105527638191,0.0,0.0,0.0
mix00302,0.4882943143812709,0.46488294314381273,0.006688963210702341,0.0033444816053511705,0.006688963210702341,0.0,0.030100334448160536,0.0
mix00303,0.0,0.10089686098654709,0.1591928251121076,0.0,0.7399103139013453,0.0,0.0,0.0
mix00304,0.4115308151093439,0.23658051689860835,0.017892644135188866,0.005964214711729622,0.0019880715705765406,0.0,0.22465208747514911,0.10139165009940358
mix00305,0.08932038834951456,0.141747572815534,0.007766990291262136,0.0,0.0,0.0,0.45048543689320386,0.3106796116504854
mix00306,0.46564885496183206,0.0,0.31297709923664124,0.0,0.0,0.0,0.22137404580152673,0.0
mix00307,0.49353049907578556,0.11090573012939002,0.02033271719038817,0.0,0.0036968576709796672,0.12014787430683918,0.2513863216266174,0.0
mix00308,0.32432432432432434,0.22190611664295876,0.0,0.0,0.0,0.34281650071123754,0.07254623044096728,0.03840682788051209
mix00309,0.7377450980392157,0.2034313725490196,0.00980392156862745,0.004901960784313725,0.0,0.0,0.031862745098039214,0.012254901960784314
mix00310,0.5390781563126252,0.38877755511022044,0.022044088176352707,0.006012024048096192,0.002004008016032064,0.0,0.04208416833667335,0.0
mix00311,0.13708260105448156,0.20035149384885764,0.01757469244288225,0.02460456942003515,0.0,0.06854130052724078,0.5518453427065027,0.0
mix00312,0.699055330634278,0.2388663967611336,0.001349527665317139,0.002699055330634278,0.0,0.0,0.033738191632928474,0.024291497975708502
mix00313,0.0,0.13190184049079753,0.3803680981595092,0.05521472392638037,0.0,0.0,0.4325153374233129,0.0
mix00314,0.0,0.0034129692832764505,0.41638225255972694,0.1757679180887372,0.03583617747440273,0.3515358361774744,0.017064846416382253,0.0
mix00315,0.10277324632952692,0.2137030995106036,0.09951060358890701,0.0,0.0,0.024469820554649267,0.5595432300163132,0.0
mix00316,0.03861003861003861,0.0,0.015444015444015444,0.0,0.0,0.20270270270270271,0.7432432432432432,0.0
mix00317,0.6230769230769231,0.2153846153846154,0.015384615384615385,0.0,0.028205128205128206,0.07179487179487179,0.046153846153846156,0.0
mix00318,0.5516637478108581,0.3064798598949212,0.012259194395796848,0.0070052539404553416,0.028021015761821366,0.0,0.09457092819614711,0.0
mix00319,0.0,0.0,0.9548133595284872,0.0,0.04518664047151277,0.0,0.0,0.0
mix00320,0.1630170316301703,0.1873479318734793,0.014598540145985401,0.36009732360097324,0.0,0.17761557177615572,0.09732360097323602,0.0
mix00321,0.543613707165109,0.19781931464174454,0.028037383177570093,0.0,0.0,0.20404984423676012,0.0264797507788162,0.0
mix00322,0.5083969465648855,0.3603053435114504,0.0732824427480916,0.0,0.0,0.03969465648854962,0.0183206106870229,0.0
mix00323,0.0,0.22142857142857142,0.6,0.1357142857142857,0.04285714285714286,0.0,0.0,0.0
mix00324,0.7956521739130434,0.10869565217391304,0.09565217391304348,0.0,0.0,0.0,0.0,0.0
mix00325,0.6159695817490495,0.30798479087452474,0.013307984790874524,0.0019011406844106464,0.0038022813688212928,0.0,0.030418250950570342,0.026615969581749048
mix00326,0.7647058823529411,0.0,0.23529411764705882,0.0,0.0,0.0,0.0,0.0
mix00327,0.8825995807127882,0.0,0.0649895178197065,0.05241090146750524,0.0,0.0,0.0,0.0
mix00328,0.46982248520710057,0.1727810650887574,0.011834319526627219,0.016568047337278107,0.0,0.3136094674556213,0.015384615384615385,0.0
mix00329,0.46921182266009853,0.41995073891625617,0.029556650246305417,0.0,0.0,0.034482758620689655,0.046798029556650245,0.0
mix00330,0.4246575342465753,0.0,0.3595890410958904,0.0136986301369863,0.0,0.023972602739726026,0.1780821917808219,0.0
mix00331,0.13333333333333333,0.3261904761904762,0.0,0.0,0.0,0.11904761904761904,0.3357142857142857,0.08571428571428572
mix00332,0.12241653418124006,0.3497615262321145,0.5278219395866455,0.0,0.0,0.0,0.0,0.0
mix00333,0.5392857142857143,0.4607142857142857,0.0,0.0,0.0,0.0,0.0,0.0
mix00334,0.6938110749185668,0.20846905537459284,0.019543973941368076,0.0,0.0,0.03908794788273615,0.03908794788273615,0.0
mix00335,0.472,0.16,0.0064,0.0064,0.0,0.0,0.3552,0.0
mix00336,0.6342857142857142,0.0,0.19142857142857142,0.1742857142857143,0.0,0.0,0.0,0.0
mix00337,0.0,0.9076923076923077,0.08205128205128205,0.0,0.010256410256410256,0.0,0.0,0.0
mix00338,0.0,0.3076923076923077,0.13675213675213677,0.19444444444444445,0.1111111111111111,0.0,0.0,0.25
mix00339,0.0963855421686747,0.3032128514056225,0.0,0.0,0.0,0.0,0.6004016064257028,0.0
mix00340,0.45274725274725275,0.14285714285714285,0.013186813186813187,0.0,0.0,0.14945054945054945,0.24175824175824176,0.0
mix00341,0.2864693446088795,0.0,0.3012684989429176,0.0,0.0,0.006342494714587738,0.12790697674418605,0.27801268498942916
mix00342,0.6194852941176471,0.26838235294117646,0.009191176470588236,0.011029411764705883,0.0,0.034926470588235295,0.05698529411764706,0.0
mix00343,0.1595238095238095,0.030952380952380953,0.0,0.4,0.0,0.0,0.2857142857142857,0.12380952380952381
mix00344,0.2586750788643533,0.10883280757097792,0.0031545741324921135,0.0,0.0,0.03627760252365931,0.5930599369085173,0.0
mix00345,0.5142857142857142,0.0,0.4857142857142857,0.0,0.0,0.0,0.0,0.0
mix00346,0.16444444444444445,0.02666666666666667,0.29777777777777775,0.36444444444444446,0.0,0.0,0.14666666666666667,0.0
mix00347,0.0,0.5043731778425656,0.0,0.023323615160349854,0.0,0.0,0.47230320699708456,0.0
mix00348,0.2304147465437788,0.055299539170506916,0.19815668202764977,0.0,0.0,0.0,0.5161290322580645,0.0
mix00349,0.4078303425774878,0.30179445350734097,0.01631321370309951,0.0,0.0,0.0636215334420881,0.21044045676998369,0.0
mix00350,0.0,0.8549019607843137,0.1450980392156863,0.0,0.0,0.0,0.0,0.0
mix00351,0.0582010582010582,0.042328042328042326,0.873015873015873,0.0,0.0,0.0,0.026455026455026454,0.0
mix00352,0.0,0.38372093023255816,0.03488372093023256,0.0,0.0,0.0,0.5813953488372093,0.0
mix00353,0.3490990990990991,0.19031531531531531,0.006756756756756757,0.0022522522522522522,0.0011261261261261261,0.061936936936936936,0.3885135135135135,0.0
mix00354,0.0,0.0,0.27520435967302453,0.07493188010899182,0.0,0.020435967302452316,0.6294277929155313,0.0
mix00355,0.4394250513347023,0.28542094455852157,0.0,0.01026694045174538,0.002053388090349076,0.0,0.26283367556468173,0.0
mix00356,0.5137795275590551,0.39960629921259844,0.08267716535433071,0.0,0.0,0.0,0.003937007874015748,0.0
mix00357,0.03927986906710311,0.009819967266775777,0.0,0.0,0.0,0.0,0.1276595744680851,0.823240589198036
mix00358,0.1724137931034483,0.13262599469496023,0.0,0.0,0.0,0.6339522546419099,0.058355437665782495,0.002652519893899204
mix00359,0.5509259259259259,0.3966049382716049,0.013888888888888888,0.006172839506172839,0.0,0.0,0.026234567901234566,0.006172839506172839
mix00360,0.5,0.1191588785046729,0.04088785046728972,0.0,0.0794392523364486,0.2441588785046729,0.016355140186915886,0.0
mix00361,0.03430079155672823,0.11081794195250659,0.15567282321899736,0.1503957783641161,0.0,0.0,0.018469656992084433,0.5303430079155673
mix00362,0.2965779467680608,0.12547528517110265,0.1596958174904943,0.0,0.0,0.3155893536121673,0.10266159695817491,0.0
mix00363,0.13744588744588745,0.4166666666666667,0.0183982683982684,0.06168831168831169,0.06818181818181818,0.13203463203463203,0.16558441558441558,0.0
mix00364,0.07142857142857142,0.023809523809523808,0.037037037037037035,0.36243386243386244,0.0,0.31746031746031744,0.18783068783068782,0.0
mix00365,0.4929906542056075,0.14018691588785046,0.07009345794392523,0.002336448598130841,0.004672897196261682,0.0,0.18925233644859812,0.10046728971962617
mix00366,0.0,0.12115732368896925,0.8083182640144665,0.0705244122965642,0.0,0.0,0.0,0.0
mix00367,0.12091503267973856,0.10620915032679738,0.0032679738562091504,0.016339869281045753,0.0,0.0915032679738562,0.6617647058823529,0.0
mix00368,0.061601642710472276,0.01026694045174538,0.8028747433264887,0.12525667351129363,0.0,0.0,0.0,0.0
mix00369,0.9503105590062112,0.0,0.033126293995859216,0.016563146997929608,0.0,0.0,0.0,0.0
mix00370,0.4261992619926199,0.27121771217712176,0.0,0.023985239852398525,0.0,0.2564575645756458,0.02214022140221402,0.0
mix00371,0.28623853211009176,0.1944954128440367,0.0,0.003669724770642202,0.005504587155963303,0.02018348623853211,0.48990825688073397,0.0
mix00372,0.0,0.8879310344827587,0.04741379310344827,0.01293103448275862,0.05172413793103448,0.0,0.0,0.0
mix00373,0.8341708542713567,0.0,0.0,0.0,0.0,0.0,0.15577889447236182,0.010050251256281407
mix00374,0.37844940867279897,0.16951379763469118,0.005256241787122208,0.0,0.0,0.21550591327201052,0.23127463863337713,0.0
mix00375,0.0056022408963585435,0.6554621848739496,0.29411764705882354,0.0,0.0,0.0,0.04481792717086835,0.0
mix00376,0.49214659685863876,0.3162303664921466,0.025130890052356022,0.008376963350785341,0.005235602094240838,0.11518324607329843,0.03769633507853403,0.0
mix00377,0.35661764705882354,0.31862745098039214,0.07475490196078431,0.04656862745098039,0.2034313725490196,0.0,0.0,0.0
mix00378,0.5572842998585573,0.3422913719943423,0.03536067892503536,0.002828854314002829,0.0,0.026874115983026876,0.03536067892503536,0.0
mix00379,0.18902439024390244,0.17682926829268292,0.024390243902439025,0.003048780487804878,0.0,0.07926829268292683,0.5274390243902439,0.0
mix00380,0.08620689655172414,0.10815047021943573,0.04075235109717868,0.02664576802507837,0.0,0.0,0.43573667711598746,0.30250783699059564
mix00381,0.6713780918727915,0.3250883392226148,0.0035335689045936395,0.0,0.0,0.0,0.0,0.0
mix00382,0.06575342465753424,0.3589041095890411,0.0,0.0,0.0,0.16164383561643836,0.3150684931506849,0.09863013698630137
mix00383,0.0,0.22878228782287824,0.033210332103321034,0.0,0.0,0.0,0.7380073800738007,0.0
mix00384,0.44815256257449343,0.2061978545887962,0.010727056019070322,0.0011918951132300357,0.01907032181168057,0.011918951132300357,0.30274135876042907,0.0
mix00385,0.1744186046511628,0.7558139534883721,0.06976744186046512,0.0,0.0,0.0,0.0,0.0
mix00386,0.3801498127340824,0.0,0.36891385767790263,0.02247191011235955,0.08426966292134831,0.0,0.1441947565543071,0.0
mix00387,0.23076923076923078,0.7692307692307693,0.0,0.0,0.0,0.0,0.0,0.0
mix00388,0.582995951417004,0.4008097165991903,0.008097165991902834,0.0,0.0,0.006072874493927126,0.0020242914979757085,0.0
mix00389,0.0037174721189591076,0.3940520446096654,0.21189591078066913,0.2527881040892193,0.137546468401487,0.0,0.0,0.0
mix00390,0.8823529411764706,0.0741687979539642,0.043478260869565216,0.0,0.0,0.0,0.0,0.0
mix00391,0.0,0.5668016194331984,0.3562753036437247,0.012145748987854251,0.06477732793522267,0.0,0.0,0.0
mix00392,0.0,0.0,0.08277027027027027,0.0,0.3293918918918919,0.4239864864864865,0.16385135135135134,0.0
mix00393,0.6061643835616438,0.3321917808219178,0.0136986301369863,0.0,0.0,0.0,0.04794520547945205,0.0
mix00394,0.06852791878172589,0.017766497461928935,0.4796954314720812,0.04060913705583756,0.0,0.19289340101522842,0.20050761421319796,0.0
mix00395,0.4834801762114537,0.24118942731277532,0.03634361233480176,0.003303964757709251,0.0,0.18502202643171806,0.05066079295154185,0.0
mix00396,0.6253164556962025,0.2911392405063291,0.020253164556962026,0.02278481012658228,0.005063291139240506,0.0,0.035443037974683546,0.0
mix00397,0.0660377358490566,0.2358490566037736,0.39308176100628933,0.22012578616352202,0.0,0.08490566037735849,0.0,0.0
mix00398,0.01593625498007968,0.1952191235059761,0.1553784860557769,0.16334661354581673,0.23904382470119523,0.099601593625498,0.13147410358565736,0.0
mix00399,0.6747352496217852,0.29046898638426627,0.006051437216338881,0.0,0.028744326777609682,0.0,0.0,0.0
mix00400,0.0,0.0,0.18328840970350405,0.35444743935309975,0.0,0.2816711590296496,0.18059299191374664,0.0
mix00401,0.6719883889695211,0.24238026124818576,0.002902757619738752,0.0,0.02177068214804064,0.010159651669085631,0.05079825834542816,0.0
mix00402,0.5175202156334232,0.40970350404312667,0.0215633423180593,0.0,0.0,0.0,0.05121293800539083,0.0
mix00403,0.5307443365695793,0.0,0.3592233009708738,0.042071197411003236,0.0,0.0,0.06796116504854369,0.0
mix00404,0.0,0.7813411078717201,0.052478134110787174,0.15451895043731778,0.011661807580174927,0.0,0.0,0.0
mix00405,0.66,0.2342857142857143,0.04857142857142857,0.025714285714285714,0.0,0.0,0.03142857142857143,0.0
mix00406,0.15128755364806867,0.22854077253218885,0.3229613733905579,0.0,0.11158798283261803,0.0,0.15665236051502146,0.028969957081545063
mix00407,0.8921568627450981,0.0,0.10784313725490197,0.0,0.0,0.0,0.0,0.0
mix00408,0.0,1.0,0.0,0.0,0.0,0.0,0.0,0.0
mix00409,0.4947916666666667,0.4375,0.024305555555555556,0.005208333333333333,0.0,0.026041666666666668,0.012152777777777778,0.0
mix00410,0.13001912045889102,0.0,0.0,0.1739961759082218,0.4569789674952199,0.0,0.2390057361376673,0.0
mix00411,0.593952483801296,0.23758099352051837,0.012958963282937365,0.0,0.0,0.1447084233261339,0.01079913606911447,0.0
mix00412,0.5915492957746479,0.0,0.3051643192488263,0.10328638497652583,0.0,0.0,0.0,0.0
mix00413,0.7350069735006973,0.23291492329149233,0.03207810320781032,0.0,0.0,0.0,0.0,0.0
mix00414,0.4648581997533909,0.18988902589395806,0.02096177558569667,0.004932182490752158,0.006165228113440197,0.0,0.31319358816276205,0.0
mix00415,0.4274004683840749,0.21662763466042154,0.00936768149882904,0.0,0.00234192037470726,0.06908665105386416,0.275175644028103,0.0
mix00416,0.13302752293577982,0.15749235474006115,0.0,0.0,0.0,0.016819571865443424,0.45565749235474007,0.23700305810397554
mix00417,0.6135084427767354,0.30956848030018763,0.03189493433395872,0.001876172607879925,0.0,0.0,0.03377110694183865,0.009380863039399626
mix00418,0.6764705882352942,0.21040723981900453,0.011312217194570135,0.0022624434389140274,0.0,0.0,0.09954751131221719,0.0
mix00419,0.3568627450980392,0.17647058823529413,0.1450980392156863,0.0,0.0,0.047058823529411764,0.27450980392156865,0.0
mix00420,0.16075949367088607,0.1848101265822785,0.0012658227848101266,0.016455696202531647,0.010126582278481013,0.16075949367088607,0.46582278481012657,0.0
mix00421,0.4924506387921022,0.40534262485482,0.030197444831591175,0.003484320557491289,0.03948896631823461,0.0,0.008130081300813009,0.020905923344947737
mix00422,0.5809628008752735,0.2800875273522976,0.0032822757111597373,0.0,0.0,0.0711159737417943,0.06455142231947483,0.0
mix00423,0.5985915492957746,0.0,0.11619718309859155,0.0,0.0,0.12323943661971831,0.1619718309859155,0.0
mix00424,0.0,0.5204460966542751,0.4795539033457249,0.0,0.0,0.0,0.0,0.0
mix00425,0.3805970149253731,0.22388059701492538,0.0024875621890547263,0.004975124378109453,0.0,0.16417910447761194,0.22388059701492538,0.0
mix00426,0.0,0.79,0.03,0.0,0.0,0.0,0.18,0.0
mix00427,0.7067448680351907,0.17888563049853373,0.045454545454545456,0.0,0.0,0.0,0.0689149560117302,0.0
mix00428,0.4832,0.416,0.0048,0.008,0.04,0.0,0.048,0.0
mix00429,0.18604651162790697,0.17783857729138167,0.005471956224350205,0.012311901504787962,0.0,0.019151846785225718,0.5991792065663475,0.0
mix00430,0.5393494228751312,0.385099685204617,0.046169989506820566,0.0,0.0,0.0,0.02938090241343127,0.0
mix00431,0.6498422712933754,0.3470031545741325,0.0031545741324921135,0.0,0.0,0.0,0.0,0.0
mix00432,0.5560916767189384,0.12545235223160434,0.05669481302774427,0.0,0.0,0.0,0.2617611580217129,0.0
mix00433,0.4357142857142857,0.4014285714285714,0.06714285714285714,0.01,0.0014285714285714286,0.005714285714285714,0.07857142857142857,0.0
mix00434,0.5487012987012987,0.19805194805194806,0.004329004329004329,0.0,0.0,0.06818181818181818,0.18073593073593072,0.0
mix00435,0.19181034482758622,0.09482758620689655,0.015086206896551725,0.0,0.0,0.0,0.6982758620689655,0.0
mix00436,0.4447004608294931,0.47235023041474655,0.03686635944700461,0.0,0.0,0.0,0.04608294930875576,0.0
mix00437,0.0,0.0,0.34615384615384615,0.0,0.0,0.0,0.6538461538461539,0.0
mix00438,0.0,0.3271375464684015,0.0,0.5762081784386617,0.0,0.0,0.09665427509293681,0.0
mix00439,0.0,0.8163265306122449,0.061224489795918366,0.0,0.0,0.0,0.12244897959183673,0.0
mix00440,0.02404809619238477,0.24649298597194388,0.4468937875751503,0.05410821643286573,0.12224448897795591,0.0,0.05811623246492986,0.04809619238476954
mix00441,0.09036860879904875,0.7990487514863258,0.011890606420927468,0.02497027348394768,0.0,0.0,0.014268727705112961,0.059453032104637336
mix00442,0.6923076923076923,0.2905982905982906,0.002136752136752137,0.0,0.014957264957264958,0.0,0.0,0.0
mix00443,0.0,0.2633333333333333,0.27666666666666667,0.4,0.0,0.0,0.06,0.0
mix00444,0.37218045112781956,0.23684210526315788,0.022556390977443608,0.0,0.0,0.17669172932330826,0.19172932330827067,0.0
mix00445,0.521505376344086,0.46774193548387094,0.002688172043010753,0.0,0.0,0.0,0.008064516129032258,0.0
mix00446,0.5987577639751552,0.2981366459627329,0.0,0.004968944099378882,0.05217391304347826,0.0,0.03229813664596273,0.013664596273291925
mix00447,0.38470873786407767,0.12864077669902912,0.01699029126213592,0.014563106796116505,0.0,0.37014563106796117,0.07766990291262135,0.007281553398058253
mix00448,0.489873417721519,0.3848101265822785,0.03670886075949367,0.002531645569620253,0.002531645569620253,0.0,0.08354430379746836,0.0
mix00449,0.0,0.15151515151515152,0.40606060606060607,0.0,0.44242424242424244,0.0,0.0,0.0
mix00450,0.39710144927536234,0.5260869565217391,0.008695652173913044,0.0,0.0014492753623188406,0.043478260869565216,0.02318840579710145,0.0
mix00451,0.2590529247910863,0.0,0.17270194986072424,0.0,0.0,0.06685236768802229,0.5013927576601671,0.0
mix00452,0.5325714285714286,0.3177142857142857,0.04114285714285714,0.0,0.0,0.045714285714285714,0.06285714285714286,0.0
mix00453,0.5016181229773463,0.4077669902912621,0.043689320388349516,0.0,0.0,0.0,0.04692556634304207,0.0
mix00454,0.7575,0.0,0.2425,0.0,0.0,0.0,0.0,0.0
mix00455,0.08498023715415019,0.21739130434782608,0.0,0.001976284584980237,0.003952569169960474,0.07114624505928854,0.6205533596837944,0.0
mix00456,0.3150887573964497,0.11094674556213018,0.0,0.21597633136094674,0.023668639053254437,0.0,0.3343195266272189,0.0
mix00457,0.18181818181818182,0.09350649350649351,0.0,0.2857142857142857,0.0,0.3012987012987013,0.13766233766233765,0.0
mix00458,0.7529286474973376,0.15122470713525027,0.004259850905218318,0.0,0.0,0.07348242811501597,0.01810436634717785,0.0
mix00459,0.1148036253776435,0.48036253776435045,0.24169184290030213,0.09063444108761329,0.06646525679758308,0.0,0.006042296072507553,0.0
mix00460,0.4426229508196721,0.22131147540983606,0.00546448087431694,0.00819672131147541,0.00819672131147541,0.27595628415300544,0.03825136612021858,0.0
mix00461,0.5670103092783505,0.05283505154639175,0.0,0.0,0.15721649484536082,0.20618556701030927,0.01675257731958763,0.0
mix00462,0.4772727272727273,0.0,0.09090909090909091,0.4318181818181818,0.0,0.0,0.0,0.0
mix00463,0.025380710659898477,0.0,0.0,0.050761421319796954,0.0,0.0,0.9238578680203046,0.0
mix00464,0.7213114754098361,0.20901639344262296,0.022540983606557378,0.0,0.0,0.0,0.0471311475409836,0.0
mix00465,0.0,0.20679886685552407,0.0,0.0,0.254957507082153,0.0,0.5382436260623229,0.0
mix00466,0.37388724035608306,0.06379821958456973,0.19732937685459942,0.028189910979228485,0.0,0.0,0.07418397626112759,0.2626112759643917
mix00467,0.1591187270501836,0.04895960832313342,0.009791921664626682,0.022031823745410038,0.1175030599755202,0.0,0.642594859241126,0.0
mix00468,0.14027149321266968,0.0,0.024886877828054297,0.16968325791855204,0.0,0.6628959276018099,0.0022624434389140274,0.0
mix00469,0.6646433990895296,0.26251896813353565,0.06525037936267071,0.0,0.0,0.0,0.007587253414264037,0.0
mix00470,0.0,0.25301204819277107,0.0,0.5421686746987951,0.0,0.0,0.20481927710843373,0.0
mix00471,0.8494208494208494,0.0,0.15057915057915058,0.0,0.0,0.0,0.0,0.0
mix00472,0.6523972602739726,0.3082191780821918,0.039383561643835614,0.0,0.0,0.0,0.0,0.0
mix00473,0.6289978678038379,0.2771855010660981,0.008528784648187633,0.006396588486140725,0.008528784648187633,0.0,0.07036247334754797,0.0
mix00474,0.0,0.21465968586387435,0.29842931937172773,0.3298429319371728,0.15706806282722513,0.0,0.0,0.0
mix00475,0.0,0.035955056179775284,0.5101123595505618,0.2786516853932584,0.0,0.0,0.1752808988764045,0.0
mix00476,0.09508196721311475,0.0,0.09180327868852459,0.10327868852459017,0.7098360655737705,0.0,0.0,0.0
mix00477,0.5838607594936709,0.37341772151898733,0.006329113924050633,0.007911392405063292,0.0,0.0,0.007911392405063292,0.020569620253164556
mix00478,0.02631578947368421,0.6513157894736842,0.3223684210526316,0.0,0.0,0.0,0.0,0.0
mix00479,0.6685584562996595,0.1952326901248581,0.0056753688989784334,0.014755959137343927,0.0,0.06129398410896708,0.05448354143019296,0.0
mix00480,0.0,0.0,1.0,0.0,0.0,0.0,0.0,0.0
mix00481,0.3310810810810811,0.0472972972972973,0.0,0.36936936936936937,0.0,0.0,0.0,0.25225225225225223
mix00482,0.0,0.0,0.1456953642384106,0.6596026490066225,0.03576158940397351,0.0,0.019867549668874173,0.1390728476821192
mix00483,0.3523809523809524,0.044444444444444446,0.06031746031746032,0.0,0.0,0.06349206349206349,0.4793650793650794,0.0
mix00484,0.5541310541310541,0.2948717948717949,0.02849002849002849,0.08831908831908832,0.0014245014245014246,0.0,0.03276353276353276,0.0
mix00485,0.7189349112426036,0.2677514792899408,0.013313609467455622,0.0,0.0,0.0,0.0,0.0
mix00486,0.29086538461538464,0.0,0.055288461538461536,0.33653846153846156,0.0,0.3173076923076923,0.0,0.0
mix00487,0.0,0.5407725321888412,0.11158798283261803,0.07725321888412018,0.2703862660944206,0.0,0.0,0.0
mix00488,0.2682926829268293,0.3699186991869919,0.044715447154471545,0.0,0.0,0.0,0.3170731707317073,0.0
mix00489,0.4052795031055901,0.20341614906832298,0.020186335403726708,0.0,0.0015527950310559005,0.296583850931677,0.07298136645962733,0.0
mix00490,0.43162393162393164,0.2094017094017094,0.007122507122507123,0.011396011396011397,0.0,0.04985754985754986,0.2905982905982906,0.0
mix00491,0.7331081081081081,0.2635135135135135,0.0033783783783783786,0.0,0.0,0.0,0.0,0.0
mix00492,0.5304878048780488,0.3353658536585366,0.036585365853658534,0.0,0.0,0.07469512195121951,0.001524390243902439,0.021341463414634148
mix00493,0.8343558282208589,0.0,0.1165644171779141,0.049079754601226995,0.0,0.0,0.0,0.0
mix00494,0.0,0.8078817733990148,0.12807881773399016,0.014778325123152709,0.0,0.0,0.04926108374384237,0.0
mix00495,0.7122905027932961,0.2011173184357542,0.019553072625698324,0.0111731843575419,0.013966480446927373,0.027932960893854747,0.013966480446927373,0.0
mix00496,0.24879614767255218,0.03210272873194221,0.32423756019261635,0.1476725521669342,0.0,0.1187800963081862,0.04173354735152488,0.08667736757624397
mix00497,0.0,0.13778705636743216,0.37995824634655534,0.38204592901878914,0.10020876826722339,0.0,0.0,0.0
mix00498,0.37,0.58,0.05,0.0,0.0,0.0,0.0,0.0
mix00499,0.4913151364764268,0.1315136476426799,0.013647642679900745,0.018610421836228287,0.009925558312655087,0.0,0.3349875930521092,0.0
